id,domain,status,purchase_price,renewal_price,attractiveness,demand,length,registrar,created_at,expires_at
005790c6-6aac-468c-ab7e-cdcd66bf539f,sameoldstuff.pro,available,4.99,,34,1,14,name.com,,
00be8320-bd77-44dd-8102-93ed141fa83d,cans.pro,resell,,,56,10,4,"Sav.com, LLC - 19",06/04/2025 15:15,06/04/2027 15:15
00c330e4-34ab-45f0-9025-64ec431027fa,gotothewashroom.pro,available,4.99,,56,1,18,name.com,,
02b0ba28-eada-4d09-bf5c-63d099e5b62f,mosquitoes.pro,available,4.99,,42,4,10,name.com,,
02b3dc24-88ef-43db-a9d4-0ec35028f080,owns.pro,available,4.99,,56,8,4,name.com,,
0322fa09-e7d2-40dc-9108-2d3450cb9ee0,probablecause.pro,available,4.99,,55,2,14,name.com,,
0394ea87-33e5-451d-a800-6f3e9e007714,sidewindow.pro,available,4.99,,44,1,11,name.com,,
0733d703-a579-462a-b0f5-94c73f49eab1,liable.pro,available,4.99,,70,5,6,name.com,,
079d9544-4ebe-4e26-bbeb-d395e5b577bc,underprotest.pro,available,4.99,,30,1,13,name.com,,
07de7b73-9ed1-4d24-b4f0-87298ebaddd9,messed.pro,available,4.99,,46,2,6,name.com,,
08c0b86b-8267-4d8a-b447-c0961524b623,complaints.pro,available,4.99,,40,9,10,name.com,,
08f254fe-0a04-4a4b-af93-ca8d1b2c972d,keepfrom.pro,available,4.99,,52,1,9,name.com,,
09cebc68-cb61-426e-be74-15d155befb70,counterfeits.pro,available,3.58,29.49,40,2,12,namesilo,,
0ac44147-a34c-40ad-b0fb-550cfc73488d,proxycard.pro,available,4.99,,44,2,10,name.com,,
0b773f61-19c1-4ffe-91ec-3a73a5143ce7,cocks.pro,available,3.58,29.49,56,10,5,namesilo,,
0bfb44ef-840e-497d-bfe0-4506130fecbd,wonders.pro,resell,,,62,16,7,"Sav.com, LLC - 6",23/06/2025 15:15,23/06/2026 15:15
0bfb529a-5b7f-4371-941a-a7bf4e024287,distribution.pro,resell,,,68,18,12,Squarespace Domains II LLC,04/08/2021 14:30,04/08/2028 14:30
0d53f21f-e835-4bc7-a19d-5d5e7023bf8f,filingfees.pro,available,3.58,29.49,46,1,11,namesilo,,
0e3cc2cd-28ff-4b74-a73d-f9801991fe8a,takehuff.pro,available,3.58,29.49,64,1,9,namesilo,,
0ecc3512-43e6-47ca-ac17-e6fbabe939d0,wars.pro,resell,,,48,10,4,One.com A/S,13/10/2021 14:30,13/10/2026 14:30
0edfc2a1-a637-4ef9-9e72-6f4e73346954,toexcess.pro,available,4.99,,55,0,9,name.com,,
0f067e2e-5fb6-4cc8-b2bf-4c36fa01cc46,waitup.pro,available,4.99,,63,2,7,name.com,,
0faa8026-d1ef-46e9-aead-0cef3b802da6,highsociety.pro,available,4.99,,73,8,12,name.com,,
0fcfd780-bd29-49df-abe3-33f39da60037,alcoholproblem.pro,available,4.99,,30,1,15,name.com,,
10233132-0c5e-4b1e-abb9-c61cb4a98d5c,childmurderer.pro,available,4.99,,30,1,14,name.com,,
1113827f-5f0a-4fe2-963d-c3c57eacb561,stitches.pro,available,4.99,,46,10,8,name.com,,
11a3749a-3c61-4b73-8237-4b0b3ade5184,devoured.pro,available,3.58,29.49,40,3,8,namesilo,,
128acc6f-7e4c-480c-98a4-e1db4031f5d8,distresscall.pro,available,4.99,,32,1,13,name.com,,
13203d31-9104-4af3-82cc-1f7176339523,brothers.pro,resell,,,60,22,8,"Sav.com, LLC - 17",07/07/2023 17:00,07/07/2026 17:00
149a7d23-d73e-439c-8377-b9f1607750a5,instore.pro,resell,,,74,12,8,"Sav.com, LLC - 11",10/09/2025 17:00,10/09/2026 17:00
161527e8-74ec-4d77-afe5-ff0dc9eaa7cd,monkeys.pro,resell,,,56,13,7,"Sav.com, LLC - 2",18/01/2026 15:15,18/01/2027 15:15
16ef15dd-0e69-4dd7-9f2f-bfa154a66aa9,refused.pro,available,4.99,,50,4,7,name.com,,
178b3d82-dc56-4685-903f-6ef924af28ca,progressing.pro,available,4.99,,56,3,11,name.com,,
1848eeb8-6e2c-4436-9cad-0177b0d01432,leaks.pro,resell,,,46,15,5,One.com A/S,04/02/2019 10:14,04/02/2027 10:14
189add4f-ce44-4a30-8167-1f834263de96,iPhone.pro,resell,,,90,82,6,Squarespace Domains II LLC,17/06/2018 10:13,17/06/2033 10:13
197aeba4-2957-48e0-9599-be13c8be8b0f,howmuch.pro,resell,,,78,17,8,"Sav.com, LLC - 14",17/02/2026 15:16,17/02/2027 15:16
1a131e69-23a5-4057-a450-038265d46ce5,engines.pro,resell,,,58,11,7,Netregistry Wholesale Pty Ltd,13/01/2026 19:09,13/01/2027 19:09
1a7dd6d1-2ff7-4ec1-b0ec-84f71b62ed0e,killed.pro,available,4.99,,56,5,6,name.com,,
1a95c516-1f92-4697-839b-39eaf7882f09,rumorhasit.pro,available,4.99,,47,2,12,name.com,,
1d555d25-4bbd-45a1-822e-b3dfdb5567af,conflicts.pro,available,3.58,29.49,66,5,9,namesilo,,
1d704b4d-7c72-458e-badc-c67bc4d36b4d,designs.pro,resell,,,72,21,7,"Spaceship, Inc.",24/01/2014 01:14,24/01/2027 01:14
1e40d574-a72b-44af-9037-20582a7fe8e3,seas.pro,resell,,,58,13,4,"Sav.com, LLC - 27",20/12/2025 15:15,20/12/2026 15:15
1e8afa30-9d50-469a-aa6f-64f12d71c897,gobankrupt.pro,available,4.99,,68,2,11,name.com,,
1f784e17-e2a7-4d78-960f-30383ff4ec14,overanxious.pro,available,4.99,,64,1,12,name.com,,
200e514e-c38f-4113-93ee-c5575a9d1e36,sweatshop.pro,available,4.99,,56,8,10,name.com,,
2023244c-af91-4f09-9400-12bda1be248f,TyphoidMary.pro,available,33.98,,59,1,12,namecheap,,
20507cfe-4879-44fe-80a9-705dab5c6a56,FinalJudgment.pro,available,33.98,,54,2,14,namecheap,,
227aa7fd-4fe9-4fb8-ab77-0d5ad08091b5,Sundays.pro,resell,,,61,17,7,"Sav.com, LLC - 15",01/06/2025 15:15,01/06/2026 15:15
22d026ad-d1ee-4595-95ce-059ae8513562,packingtape.pro,available,4.99,,70,2,12,name.com,,
22f84107-4734-4045-897c-8066f1aea695,primadonna.pro,resell,,,68,9,11,"NameCheap, Inc.",13/01/2026 16:57,13/01/2027 16:57
22fbed3d-079b-48ac-bb2f-7cc92699b013,oceans.pro,resell,,,64,22,6,Netregistry Wholesale Pty Ltd,18/01/2025 15:16,18/01/2027 15:16
243652f6-c5fb-48e2-b60c-5164971278f4,highend.pro,resell,,,72,17,8,"Sav.com, LLC - 17",02/09/2025 15:15,02/09/2026 15:15
24668f29-5592-4317-97ea-fd9a2c3e26c7,keepoutof.pro,available,4.99,,68,0,11,name.com,,
26aebdfd-1db4-438f-bf6a-de37e240ff8e,resources.pro,resell,,,58,21,9,Xin Net Technology Corporation,29/08/2023 15:15,29/08/2026 15:15
26d81b50-3523-4e4c-a9da-ca506d9d8266,bebothered.pro,available,4.99,,63,1,11,name.com,,
2732fc0e-9f86-4065-b62d-aa0e636e8fa6,gobust.pro,available,4.99,,68,1,7,name.com,,
27912ff6-1f46-4684-989f-4ac7c5bcc41a,gonowhere.pro,available,4.99,,62,2,10,name.com,,
28617eed-b790-4c45-a678-88420b8b33b7,chiefs.pro,resell,,,50,10,6,"Sav.com, LLC - 25",28/05/2025 15:15,28/05/2026 15:15
2871a0c2-e6d2-4e0a-8e2c-43640f8698c1,WorldWarIII.pro,available,33.98,,48,3,13,namecheap,,
293952de-9cce-4e98-88d1-9e385b44776f,structurally.pro,available,4.99,,48,3,12,name.com,,
29bc8691-2608-4087-95c8-bb26d30851db,gettingeven.pro,available,4.99,,48,1,12,name.com,,
2a9723f7-a1a2-436d-99f9-8a599e780d18,havenosympathy.pro,available,4.99,,54,1,16,name.com,,
2b081c66-1156-48bf-9353-0500197d84fb,scratches.pro,available,4.99,,60,4,9,name.com,,
2bebfa39-0543-4617-8854-3a447ecb5e82,Phillip.pro,resell,,,70,14,7,"Sav.com, LLC - 26",11/04/2026 15:15,11/04/2027 15:15
2d4ab15e-39bb-43f2-9e44-12824a550dae,costcutting.pro,available,4.99,,64,3,12,name.com,,
3159d5cd-865b-4442-8eb1-47764f5ee311,manuallabour.pro,available,4.99,,58,1,13,name.com,,
32926173-af72-4fc7-b128-24a551910507,styling.pro,premium,21188.34,,78,11,7,Dynadot Inc,10/07/2021 14:31,10/07/2027 14:31
3299e940-1c71-4dbc-952f-0a2f1d18808d,proxymurder.pro,available,4.99,,36,1,12,name.com,,
32b62c94-730c-43cb-a973-6412a9a125b2,refreshment.pro,available,4.99,,74,4,11,name.com,,
352226aa-137a-43d7-bb59-d8d13d648ccd,sorethroat.pro,available,4.99,,64,2,11,name.com,,
3574596f-c677-438d-a882-6b0553409db6,playon.pro,resell,,,80,14,7,"Sav.com, LLC - 1",20/09/2025 17:00,20/09/2026 17:00
3596d4e4-d3c8-4cda-aa23-4b20c47f2f47,picks.pro,resell,,,52,19,5,"Sav.com, LLC - 34",22/06/2024 17:00,22/06/2026 17:00
36565417-238f-444d-ad53-49b3b3b86acd,makenews.pro,available,4.99,,80,1,9,name.com,,
37eaa518-1ec5-4a0e-a0ac-1acdb8bbeceb,takealeak.pro,available,4.99,,63,1,11,name.com,,
38726c29-383d-4eee-b439-38f76ac12e92,gowild.pro,resell,,,74,10,7,"Sav.com, LLC - 39",07/12/2025 15:15,07/12/2026 15:15
38a389f6-c913-4804-962b-d681dad3c5a1,preliminarily.pro,available,4.99,,41,1,13,name.com,,
38f2c5d2-8c4e-4699-aa3c-9237b7e5f86c,generals.pro,available,4.99,,52,6,8,name.com,,
3ac2bacd-9ea8-4003-a16d-8a8526093689,rashes.pro,available,3.58,29.49,40,3,6,namesilo,,
3b10f3fe-9c42-4386-bad4-b95a600956d4,JollyRoger.pro,available,33.98,,82,10,11,namecheap,,
3bdb619e-6eda-4294-bd10-1740c50155f2,gomissing.pro,available,4.99,,70,1,10,name.com,,
3bef2785-37bf-4575-8f5b-ea645bf5cc6f,somewhereelse.pro,available,4.99,,60,3,14,name.com,,
3db12346-4335-4d86-83ba-bfb1516ecde9,havenoneofit.pro,available,4.99,,56,1,15,name.com,,
3de17a12-35f4-4c11-a9c1-46c3ed4fa5dc,Cathy.pro,resell,,,66,14,5,"Sav.com, LLC - 48",11/11/2025 15:15,11/11/2026 15:15
3df2188d-6927-4318-8dfb-6e833b6ef900,royalties.pro,resell,,,56,9,9,Dynadot Inc,12/11/2023 18:56,12/11/2026 18:56
3e12854b-657e-4b3c-8826-9d8f784beca4,inunison.pro,available,4.99,,72,4,9,name.com,,
40c34709-8a0a-4877-b50a-eb67f68a821d,Iwish.pro,resell,,,58,12,6,"Sav.com, LLC - 14",28/01/2026 15:15,28/01/2027 15:15
41b3699a-3b86-446c-8fd7-0c848e863b66,lightup.pro,resell,,,82,15,8,"Sav.com, LLC - 22",03/06/2025 15:15,03/06/2026 15:15
42b6a527-96f8-469a-b676-b80505e5d4d0,slipitto.pro,available,4.99,,64,1,10,name.com,,
44e23daa-adbb-449b-b226-0853aaff86f9,came.pro,resell,,,70,10,4,"Sav.com, LLC - 1",21/02/2026 15:15,21/02/2027 15:15
4513fa96-745c-4b3c-aa75-ae4483070a59,segregation.pro,available,4.99,,62,2,11,name.com,,
4577659b-c1ab-46ae-b3a5-5efdb002ad84,carbonmonoxide.pro,available,4.99,,54,4,15,name.com,,
48555d7e-329e-450c-80c9-98d448a76f23,blewagasket.pro,available,3.58,29.49,34,1,13,namesilo,,
4859642d-2d68-4682-bcef-39e79d049507,turnorburn.pro,available,4.99,,56,1,12,name.com,,
4b8d5b3c-3e4c-498c-a0a5-a60cef6420f0,relationships.pro,resell,,,48,12,13,"Sav.com, LLC",05/10/2023 16:38,05/10/2026 16:38
4be4d995-597a-4b88-8b79-a949d53e665a,instyle.pro,resell,,,78,12,8,"Sav.com, LLC - 28",29/12/2025 15:15,29/12/2026 15:15
4cba5af7-f4ff-48f4-9f03-9353ece42ee6,females.pro,available,4.99,,62,8,7,name.com,,
4d7dd258-608a-4bce-9db3-dd96e25c7300,worldsapart.pro,available,4.99,,64,3,12,name.com,,
4f7c4e4a-4de3-450b-8ba6-5c01cf5637f8,stuffit.pro,available,4.99,,44,5,8,name.com,,
510ca853-e522-4a28-aa81-4d70d86b4bc9,citizens.pro,resell,,,60,19,8,"Sav.com, LLC - 21",26/03/2025 15:16,26/03/2027 15:16
511870a3-1331-476b-959a-197e8310590a,patientcare.pro,available,4.99,,79,8,11,name.com,,
535add72-d2da-4373-a6bf-067662a7a401,twentythree.pro,available,4.99,,65,7,12,name.com,,
536b8358-6590-4fc5-a0e7-a98b7d7c9d8b,mobs.pro,available,4.99,,42,10,4,name.com,,
53710f5c-56f4-456b-99c9-81b315f99753,fundamentalism.pro,available,4.99,,58,2,14,name.com,,
5498069a-4b58-4001-94d3-bf58a9f516d6,instep.pro,available,4.99,,72,7,7,name.com,,
5566e79d-37e9-4710-92ac-f709ccb1aa6b,advantages.pro,available,4.99,,64,5,10,name.com,,
56132a5d-a39a-44df-bc9e-bc9508456a34,hills.pro,resell,,,65,20,5,Netregistry Wholesale Pty Ltd,10/04/2025 15:15,10/04/2027 15:15
5625549e-a9e5-4057-be11-5d114ebbc5e2,letterofdismissal.pro,available,4.99,,44,1,19,name.com,,
563ea874-d150-4b52-a9ee-c868bc7989af,slipin.pro,available,4.99,,65,2,7,name.com,,
57a57c46-43d6-4db6-995b-c1699237d7f9,waitout.pro,available,4.99,,63,1,8,name.com,,
586332f3-46cb-4d26-8f46-7be7a29fa34b,thereaway.pro,available,4.99,,58,1,10,name.com,,
58b6524f-b62a-4240-a97a-412cf905c69c,does.pro,resell,,,60,15,4,"Sav.com, LLC - 4",22/11/2025 15:15,22/11/2026 15:15
595d9d5d-8993-4080-b001-e399052bd2b3,hoho.pro,resell,,,62,13,5,"Sav.com, LLC - 24",03/06/2025 15:15,03/06/2026 15:15
5a209cad-ea3c-49f8-bb23-630359eddf5d,notsomuch.pro,available,4.99,,46,1,11,name.com,,
5a4caa30-a965-46d0-9f55-75693e2338fb,slipthrough.pro,available,4.99,,66,1,12,name.com,,
5b069f42-dce7-42b3-8ac2-b58d4135a4f8,fullfrontalnudity.pro,available,4.99,,48,1,19,name.com,,
5dd95f84-25aa-4167-83c7-6b9dc056a9f0,havetheblues.pro,available,4.99,,58,1,14,name.com,,
5ddec1a0-aa08-4101-a82e-339853896e86,filings.pro,available,4.99,,48,8,7,name.com,,
5e49ddf5-c7cd-444b-a2c0-eff21fc6f0d6,shells.pro,available,3.58,29.49,58,9,6,namesilo,,
5e8305c8-6adb-420b-a930-366a847bb134,alcoholusedisorder.pro,available,4.99,,48,1,20,name.com,,
5ecec0de-b86b-440e-ba22-adc47eec3d40,proxyfight.pro,available,4.99,,44,1,11,name.com,,
5f90078a-0f1a-401c-bab1-133939e4ba35,matches.pro,resell,,,64,13,7,"NameCheap, Inc.",31/10/2023 17:49,31/10/2026 17:49
60192b15-9686-4c34-a3dc-05ecf6bbc7f8,razorburn.pro,available,4.99,,60,1,10,name.com,,
61318ecc-1624-4b8d-b4df-07f02112e369,thanksgiving.pro,resell,,,84,13,12,"Sav.com, LLC - 43",13/09/2025 17:00,13/09/2026 17:00
637fa161-6fb1-4bd7-9523-0259a4eeb80d,uncared.pro,available,4.99,,57,1,7,name.com,,
63a5a29f-4554-4c83-9eb7-7095019e9b25,revolution.pro,resell,,,68,28,10,Dynadot Inc,08/02/2016 18:54,08/02/2027 18:54
64032c95-3913-4bfb-84eb-c9ef38bd4df3,goforit.pro,resell,,,76,11,9,"Sav.com, LLC - 31",23/02/2026 15:15,23/02/2027 15:15
642a4ce5-7581-4d5c-845c-4a32e6736fb2,supports.pro,resell,,,64,12,8,"Sav.com, LLC - 44",16/11/2025 15:15,16/11/2026 15:15
64802c9f-8270-41c3-95d3-840e87f04152,parkingfine.pro,available,4.99,,46,2,12,name.com,,
681fa476-0fae-4161-b4ba-32d6c06ebbbf,OxyContin.pro,available,3.58,29.49,64,6,9,namesilo,,
684f039d-8d8f-493b-bba4-a66477f9d87c,volunteering.pro,available,4.99,,74,7,12,name.com,,
685e3960-60f4-4b7d-9914-345d2bc9e4e4,tells.pro,available,4.99,,62,7,5,name.com,,
6a6ebdd4-5a3f-4f54-ae84-bce44e6c7d5b,writes.pro,resell,,,56,9,6,"GoDaddy.com, LLC",06/11/2021 19:02,06/11/2026 19:02
6a76de8b-d2a9-425d-83fc-80e309fb90fd,gonuclear.pro,available,4.99,,68,3,10,name.com,,
6a9aa791-d203-45e3-92a5-4bc992c07bf0,oranything.pro,available,4.99,,44,1,11,name.com,,
6ad94133-2b7d-414d-8af5-0ef2cdf8254a,proxybattle.pro,available,4.99,,44,1,12,name.com,,
6ae709ca-0471-4e69-af10-bedc2e4ecde6,hangup.pro,available,4.99,,68,5,7,name.com,,
6b276fa2-25c2-4857-ab5a-69fbbd8467ba,shoveover.pro,available,4.99,,59,1,10,name.com,,
6b9be908-8ae7-43db-ab2a-ed437959fe7c,risks.pro,resell,,,43,10,5,Epik LLC,29/11/2024 08:38,29/11/2026 08:38
6bf8eda8-12d6-4842-af27-58b86246d06e,finalreckoning.pro,available,4.99,,58,2,15,name.com,,
6d9bc6e9-7806-4a9d-bedb-98a3a438e1d3,pirate.pro,resell,,,66,36,6,Dynadot Inc,09/01/2021 14:30,09/01/2027 14:30
6dcabd5f-4df7-4060-acb8-854e9edd6036,uptill.pro,available,4.99,,50,1,7,name.com,,
6e11e07a-c336-4477-8fac-5b5ea1bf2efb,cops.pro,resell,,,74,13,4,"Sav.com, LLC - 6",10/03/2026 15:15,10/03/2027 15:15
6e715548-09c8-4a72-8408-3068ac6d31ec,ribbons.pro,available,3.58,29.49,56,9,7,namesilo,,
6f0685f8-fa73-4964-921c-2a6b6df4c5e7,colleagues.pro,available,3.58,29.49,56,5,10,namesilo,,
7036175e-3005-481c-ba2d-263e0270d6c8,Trumpian.pro,available,33.98,,62,3,8,namecheap,,
703b464b-e8f9-4ba3-ab69-0546f434b76c,smashdown.pro,available,4.99,,58,2,10,name.com,,
70f1e5d8-8c98-48dd-88e3-24a9aac4493e,alcoholics.pro,available,3.58,29.49,38,4,10,namesilo,,
710ef44b-e0cd-438b-8bb0-43e79334a363,Allie.pro,resell,,,72,21,5,"Sav.com, LLC - 33",22/03/2025 15:15,22/03/2027 15:15
7116236b-27d9-48a2-9a0f-39746d1d92d8,proves.pro,available,4.99,,56,3,6,name.com,,
714aba7a-8047-44d8-bc45-cdd5c929f6f4,commonground.pro,resell,,,74,28,13,"Sav.com, LLC - 48",07/09/2025 17:00,07/09/2026 17:00
715e5698-9bb0-4141-9cb3-c40e8a789090,gives.pro,available,4.99,,52,12,5,name.com,,
71aa498e-5ff4-41e3-9ed6-f7b82853987d,postponement.pro,available,4.99,,57,1,12,name.com,,
71d71163-d9e3-425a-89f8-b1832b817b09,smashandgrab.pro,available,4.99,,48,2,14,name.com,,
7225fb48-a540-44e6-9cec-ad8bd11fddf6,IamHIVpositive.pro,available,33.98,,44,1,17,namecheap,,
72ab0ab1-6398-4bda-bd5b-bbaf4c3f0f84,gorogue.pro,available,4.99,,64,4,8,name.com,,
734580b3-1578-4670-90a6-53e96c7bb675,doesnotcompute.pro,available,4.99,,40,3,16,name.com,,
73da569c-e87b-4fdc-ac19-68dd9fb5aaac,adventures.pro,resell,,,64,18,10,"Xiamen ChinaSource Internet Service Co., Ltd",30/06/2025 15:15,30/06/2026 15:15
7561a0aa-4692-4271-b3af-a7d14695fb81,smashinto.pro,available,4.99,,38,0,10,name.com,,
75791260-7dbb-40a4-bfce-9274c905dc56,terrifies.pro,available,4.99,,39,1,9,name.com,,
766373d8-2766-4e1d-9557-15c0d7409bb0,necessities.pro,available,4.99,,58,4,11,name.com,,
77061a3f-fd13-4ac0-a456-2af33b895487,nowandthen.pro,available,4.99,,64,4,12,name.com,,
77d6cb33-03db-4bd7-8247-007c09259f50,parkup.pro,available,4.99,,59,4,7,name.com,,
78bb6b88-5d2c-45c5-bd8e-ab0790c2b53e,olives.pro,resell,,,56,11,6,"Sav.com, LLC - 24",22/12/2025 15:15,22/12/2026 15:15
794a0dc0-8e6d-4aa4-ba07-4bbadcd99a80,childmarriage.pro,available,4.99,,48,2,14,name.com,,
79962b8b-ad37-467b-82bf-a43eef98af86,motorsport.pro,resell,,,74,23,10,Netregistry Wholesale Pty Ltd,28/12/2023 17:00,28/12/2026 17:00
7af56dda-652c-48b1-9147-c6d7f58e1f9a,startover.pro,available,4.99,,78,6,10,name.com,,
7b9aa1c4-c0dc-4aea-8017-21b259dc69a6,flashflooding.pro,available,4.99,,52,0,14,name.com,,
7c6dc286-f5c5-43b7-b414-413ca3c366f2,hangbyathread.pro,available,4.99,,56,1,16,name.com,,
7cb8aa3a-f400-4ed6-a498-643d027ce868,waitforit.pro,available,4.99,,43,4,11,name.com,,
7d208194-0d5b-44a4-af3a-f49d69a798cd,failed.pro,available,4.99,,60,11,6,name.com,,
7d293ace-824f-4242-88f8-783803a55134,CyberMonday.pro,resell,,,78,10,12,"Sav.com, LLC - 4",11/01/2026 15:16,11/01/2027 15:16
7e5b154b-f6d5-438c-aa17-a1c124335691,gooverboard.pro,available,4.99,,64,1,12,name.com,,
7f8f678a-81eb-44b8-84ea-229b24c10402,howtheheck.pro,available,3.58,29.49,48,1,12,namesilo,,
7facb805-d325-4d6c-944d-1fa647505f8f,PopeGregoryI.pro,available,33.98,,28,1,14,namecheap,,
8039f404-7c1d-427c-9b4f-ab93dddf336d,lunchtime.pro,available,4.99,,78,8,10,name.com,,
81a0409d-db3d-4ccd-b71a-b0112457ff74,pops.pro,resell,,,74,24,4,"Sav.com, LLC - 46",09/04/2026 15:15,09/04/2027 15:15
81ae4c76-46a5-4b27-9bc8-a61f4f46d548,alternatives.pro,resell,,,58,13,12,"Sav.com, LLC - 30",23/06/2025 15:15,23/06/2026 15:15
8361d1e4-1c6b-40c2-baf3-d4b7963ed712,appraised.pro,resell,,,50,4,9,"Sav.com, LLC - 4",16/04/2026 15:16,16/04/2027 15:16
8388c393-d573-4107-ac0a-970c3e454482,StGeorges.pro,available,33.98,,54,6,10,namecheap,,
83e298bb-f199-4a4b-9acf-022aed740e08,stuffyou.pro,available,4.99,,44,1,9,name.com,,
84a32fd6-901a-43af-9280-71c1c2641b6e,aliens.pro,resell,,,56,35,6,Netregistry Wholesale Pty Ltd,30/10/2024 17:00,30/10/2026 17:00
869595ef-752c-4926-898a-589ff6a349b6,prejudices.pro,available,4.99,,38,1,10,name.com,,
87d6dfae-2043-4fc0-939c-fc6389d8ec8e,thief.pro,resell,,,64,10,5,"Spaceship, Inc.",20/03/2026 23:31,20/03/2027 23:31
89152d14-d2b2-4037-abb7-bb879b56f9e6,couldnotcareless.pro,available,4.99,,38,0,19,name.com,,
893e38a4-515b-4c80-a3c2-961ea8409667,filetypes.pro,available,3.58,29.49,46,3,9,namesilo,,
89d5ec73-ea20-4a85-bb4b-17ed64100d45,Ihavecancer.pro,available,33.98,,44,2,13,namecheap,,
8a64fde1-8d5f-45f2-85f0-130394a4995c,fails.pro,available,4.99,,46,7,5,name.com,,
8b28aa9d-ff2f-4a4b-9608-9f907bd168de,suspicions.pro,available,4.99,,43,2,10,name.com,,
8b8d05da-db68-449c-9ec1-d03072e1bb97,turnedoff.pro,available,4.99,,42,1,10,name.com,,
8c4cbc08-2a8a-4dee-a3b1-cc85b3872cb6,quitting.pro,available,4.99,,54,4,8,name.com,,
8da74d27-f4c6-4988-95b4-0b89d8529aa6,beridof.pro,available,4.99,,46,1,9,name.com,,
8e70a8d9-4f9f-4282-ba27-4ba0741867a6,Ichooseviolence.pro,available,33.98,,44,1,17,namecheap,,
910fb211-6667-4d68-9eb6-f945c9ba51fb,alcoholaddiction.pro,available,4.99,,50,3,17,name.com,,
912fb377-3644-4343-b09b-2ac06fb1c022,havenousefor.pro,available,4.99,,56,0,15,name.com,,
91cd4e85-2ffc-439f-bf43-e8b16f6512b6,smashup.pro,available,4.99,,58,5,8,name.com,,
92c6843f-0f06-494d-bee6-c0513481eccb,scootover.pro,available,4.99,,66,2,10,name.com,,
93fc8709-862c-49e0-8a19-1b7da6d75cf3,clay.pro,resell,,,80,35,4,"Chengdu West Dimension Digital Technology Co., Ltd.",14/12/2017 10:06,14/12/2027 10:06
94c83b6a-09db-4a63-aa8d-6918d7d2fe85,thieves.pro,available,4.99,,45,8,7,name.com,,
96379757-92ab-46c7-8587-bd93a7c404e7,havethefoggiest.pro,available,3.58,29.49,54,1,17,namesilo,,
97396280-effe-4124-80d9-42fc8ddd96ee,nitpicking.pro,available,3.58,29.49,58,1,10,namesilo,,
97869308-285c-4040-933d-66b0bf4c0aac,footballs.pro,available,3.58,29.49,64,5,9,namesilo,,
9793cc83-c4e3-4f9a-8e22-29664b6b5a1b,SanDiego.pro,resell,,,74,29,9,Netregistry Wholesale Pty Ltd,03/01/2024 17:00,03/01/2027 17:00
98a4b83a-55ad-41bf-9e2e-1b55da768b94,goballistic.pro,available,4.99,,68,2,12,name.com,,
98b1a636-0fbe-40cc-b80e-d7a99825a8f4,scallops.pro,available,3.58,29.49,52,3,8,namesilo,,
98e24344-07e7-4338-b25b-3af06e8a9473,paintthinner.pro,available,4.99,,56,1,13,name.com,,
992d9668-bc72-4b9e-8712-5fb049dcbfdf,courses.pro,resell,,,82,24,7,"Spaceship, Inc.",31/03/2022 13:15,31/03/2027 13:15
9967f0ea-cb02-480a-93e4-28cf397ac35f,throats.pro,available,3.58,29.49,44,2,7,namesilo,,
99d5ff60-903a-4101-b1ab-13ba7db500da,midlifecrisis.pro,available,4.99,,58,9,15,name.com,,
99eca9eb-02b0-407c-bcd6-8ab0d7c665e2,floods.pro,available,4.99,,38,6,6,name.com,,
9b15f918-ac6d-4f33-b2b5-2d0e35ab7b83,getwise.pro,available,4.99,,77,6,8,name.com,,
9b1da4de-56f7-4592-8c5b-8dde34a5316e,orders.pro,resell,,,60,19,6,Netregistry Wholesale Pty Ltd,28/05/2025 15:15,28/05/2027 15:15
9c37b092-49ac-459b-87d3-7a63aa3a97df,dropabombshell.pro,available,4.99,,58,0,16,name.com,,
9eafb1b1-f68a-47ec-8d51-b60c305e455e,howthedevil.pro,available,4.99,,40,0,13,name.com,,
9ee26f91-7060-4dbb-9edd-9b0d2bbe4829,butterflies.pro,available,4.99,,90,8,11,name.com,,
a011016a-515f-4ede-8ab0-865ca4f7f85e,sedated.pro,available,4.99,,43,2,7,name.com,,
a0d83b1d-8bb9-426b-93ff-6f7cb0fd86a6,changeover.pro,resell,,,68,5,11,"GoDaddy.com, LLC",03/02/2023 19:29,03/02/2027 19:29
a0e6d72c-42e2-48be-b682-6231cc4f7453,filetype.pro,available,4.99,,64,3,9,name.com,,
a16d1d3d-99af-4b4e-bdbe-f61f758efcfd,toburn.pro,available,4.99,,50,1,7,name.com,,
a3467704-e79d-47c2-9e93-70a6a348e943,chunks.pro,available,4.99,,46,8,6,name.com,,
a34eba16-9b4b-4798-be23-a9a6e271535e,dangers.pro,available,4.99,,46,6,7,name.com,,
a44afcb1-2f3b-4244-ad3b-7928120a3b8f,goberserk.pro,available,4.99,,68,1,10,name.com,,
a45acc7d-ccb0-4196-8cdd-764e50eeebf9,neighbourhood.pro,resell,,,70,14,13,Mesh Digital Limited,04/07/2025 20:43,04/07/2026 20:43
a4e72b9c-3730-4944-b55b-2a3d9455c26a,todolist.pro,resell,,,73,12,10,"Sav.com, LLC - 40",31/03/2025 15:15,31/03/2027 15:15
a640d944-b8bc-4b9d-9344-7757e9ca2a36,estimates.pro,available,3.58,29.49,50,7,9,namesilo,,
a6681b31-18e7-4397-b466-18f600042ca2,spillover.pro,available,4.99,,68,4,10,name.com,,
a683de70-7ab6-4131-9cc6-497cec8aa5e8,disobedience.pro,available,4.99,,64,3,12,name.com,,
a6bc3444-37a3-472e-af69-89135dff8d7a,horns.pro,available,4.99,,56,9,5,name.com,,
a6e4b6bf-2a44-4afc-bf18-4360b058183d,OpiumWar.pro,available,33.98,,52,1,9,namecheap,,
a71459d7-cfd8-489b-9898-bf5246234925,godownhill.pro,available,4.99,,68,1,11,name.com,,
a74f1568-78ac-4b3a-9704-b87bef2e0dfc,dates.pro,resell,,,56,15,5,"Soluciones Corporativas IP, SL",15/06/2020 10:12,15/06/2026 10:12
a7627184-c104-4872-886c-3b2440c402ba,gonowherefast.pro,available,4.99,,50,1,15,name.com,,
a7df6e0c-7a60-4e75-aa55-93cb93ce2329,filesize.pro,available,4.99,,64,2,9,name.com,,
a83587bf-ed8a-42b3-80c8-993e98c0acbe,howdo.pro,resell,,,58,13,6,"Spaceship, Inc.",16/04/2026 15:58,16/04/2027 15:58
a8fc34bf-9359-4664-84c6-695108280885,sawoff.pro,available,4.99,,60,1,7,name.com,,
a98aebc1-3a09-4bef-97b1-7c57cd101333,businesses.pro,resell,,,60,12,10,DropCatch.com 390 LLC,16/03/2026 15:15,16/03/2027 15:15
a9adf3ed-02f9-48dd-9d34-8ada7e343048,exclamation.pro,available,4.99,,68,12,11,name.com,,
a9ca74b1-d5e2-4f76-9391-acd05de81d18,toes.pro,available,4.99,,58,8,4,name.com,,
a9ccbb9d-df8c-426d-a139-651244347032,overwith.pro,available,4.99,,60,1,9,name.com,,
ac5587fc-9130-48cd-a293-e5f3ca57f8b0,reminded.pro,available,4.99,,60,4,8,name.com,,
ac80c2e2-f21e-48c8-9626-5616ee252e96,sellthrough.pro,available,4.99,,64,2,12,name.com,,
ad27808c-3ba3-40e4-9153-02d357a4d0e7,remembrances.pro,available,3.58,29.49,51,2,12,namesilo,,
ad84df8a-2124-4d26-b9d0-60b2fbc60117,filed.pro,available,4.99,,48,7,5,name.com,,
ae63873b-8da1-4b02-a124-947ce8797299,bases.pro,available,4.99,,54,9,5,name.com,,
ae83ccf4-e2ec-49c2-921c-4434e07b966d,gets.pro,resell,,,60,15,4,"Sav.com, LLC - 10",20/12/2025 15:15,20/12/2026 15:15
af558948-13c9-40e3-9d5e-fa1f53f955cd,slugs.pro,available,3.58,29.49,52,6,5,namesilo,,
b01917cf-90f7-409d-b638-2b693bbaea6b,goastray.pro,available,4.99,,66,1,9,name.com,,
b0ecb40e-e406-4254-8e47-e77a2f328cf3,takethelead.pro,available,4.99,,78,4,13,name.com,,
b1fcf709-0c45-4181-9d21-c984a715306d,getmarried.pro,resell,,,88,5,11,"Sav.com, LLC",03/03/2026 21:11,03/03/2027 21:11
b241484b-d2e8-4236-9190-f70eef8604d7,givingin.pro,available,4.99,,50,1,9,name.com,,
b26afe31-fd83-42bd-be3d-cbf4c55c6012,lactoseintolerance.pro,available,4.99,,56,2,19,name.com,,
b28af77d-b5be-4a8e-90b7-259694350c21,bedamned.pro,available,4.99,,38,1,9,name.com,,
b2a90d35-cb49-4a32-a4e4-0e372013d24b,Alexis.pro,resell,,,72,21,6,Netregistry Wholesale Pty Ltd,14/10/2024 17:00,14/10/2026 17:00
b3278e0e-e564-49dd-b23b-3040ff426f24,tradeunion.pro,available,4.99,,68,3,11,name.com,,
b36d227a-3f21-497b-b2c2-b285708698e0,gods.pro,premium,1355.07,,72,27,4,Netregistry Wholesale Pty Ltd,09/04/2024 17:00,09/04/2027 17:00
b419a376-fa7a-46f1-bba3-d97c248b6b8b,somuchso.pro,available,4.99,,50,1,10,name.com,,
b45e2603-113d-46be-9c32-dbdfba2dcd5d,backbreaking.pro,available,4.99,,54,1,13,name.com,,
b5abd54b-9392-4e44-981d-e5170c8d082f,fail.pro,resell,,,54,20,4,Dynadot1 LLC,01/08/2019 10:09,01/08/2027 10:09
b65f713a-f021-42b1-90d3-7e6d96940eee,prayers.pro,available,4.99,,62,11,7,name.com,,
b84d8f49-e64c-4759-ac72-ca91e883b918,accountreceivable.pro,available,4.99,,62,1,18,name.com,,
b8bacebb-49f9-4ef0-b18c-328fe206ae0a,Duracell.pro,available,33.98,,86,7,8,namecheap,,
b95eb403-0600-4c93-8030-330e35bbc640,alcoholintoxication.pro,available,4.99,,48,1,20,name.com,,
ba5de909-0e9f-4070-82b2-64ee07d46b11,barbedwire.pro,available,4.99,,66,3,11,name.com,,
ba6ecbbb-5ac9-43b4-83be-8988c3213f5a,gonegative.pro,available,4.99,,66,1,11,name.com,,
ba7d4e2f-56ee-4de3-9bef-f4daa3738f41,BlackWallStreet.pro,available,3.58,29.49,44,9,17,namesilo,,
bcb2227b-f5bb-4e32-ab98-9b2e4cdc4eaf,tbsp.pro,available,4.99,,63,5,4,name.com,,
bd1a3fac-fc01-4b96-bba2-e56a2655ef0f,deeper.pro,resell,,,56,19,6,"Sav.com, LLC - 9",10/01/2026 15:15,10/01/2027 15:15
bd4efe3d-66cd-4449-8193-b286280a1c88,woes.pro,available,3.58,29.49,46,4,4,namesilo,,
bd80c407-b3e4-40cd-8334-c7a5da1fd3e0,nauseousness.pro,available,3.58,29.49,58,1,12,namesilo,,
be798341-33f5-40ce-8025-ca6ab22f4c04,deadonarrival.pro,available,4.99,,46,2,15,name.com,,
bede1073-b81c-4eec-a569-9aefd9895061,gang.pro,resell,,,68,17,4,Dynadot12 LLC,11/09/2020 14:30,11/09/2027 14:30
c0288ee4-2f71-4b3e-b3d0-cab748be23ab,newsfeed.pro,resell,,,54,8,9,"Sav.com, LLC - 28",01/03/2026 15:15,01/03/2027 15:15
c0b94873-ebb6-4ab0-abf8-7145c9deeab9,noses.pro,available,3.58,29.49,48,3,5,namesilo,,
c1506a44-06ce-4d77-83ca-06681bbd0154,myGod.pro,available,33.98,,74,9,6,namecheap,,
c15612f3-49ac-4509-8f82-bfc85a7b5e6a,paperingover.pro,available,4.99,,53,1,13,name.com,,
c15bdeed-d2f6-4564-9df0-b6c7d8a41734,goingto.pro,available,4.99,,56,6,8,name.com,,
c2a1586e-69f9-4af4-8f3c-6fc2e1e8522b,glitter.pro,resell,,,78,17,7,"Chengdu West Dimension Digital Technology Co., Ltd.",22/10/2020 14:30,22/10/2027 14:30
c2ec7286-4c4c-42da-8732-a3347f82989c,overrated.pro,available,4.99,,60,6,10,name.com,,
c47fbc43-8236-4057-93c3-378dbf93dfea,difficulties.pro,available,4.99,,70,3,12,name.com,,
c4f64ec7-38b0-45eb-b72a-c28ecd50bac7,getsick.pro,available,4.99,,72,1,8,name.com,,
c5fad62b-d8cc-49f3-b0a7-40318067ce34,thickskinned.pro,available,4.99,,52,1,13,name.com,,
c664c1af-8584-4009-b734-5143b5935abe,poreover.pro,available,4.99,,62,1,9,name.com,,
c675b1b5-b423-4955-909c-bc6b01c1d961,gototherestroom.pro,available,4.99,,56,1,18,name.com,,
c6bd1596-e08f-4b75-8981-28667cce16d6,presents.pro,resell,,,80,9,8,"Sav.com, LLC - 4",14/01/2026 15:16,14/01/2027 15:16
c85a82a3-f9c8-4714-a7db-712617e163f5,functions.pro,resell,,,54,12,9,"Sav.com, LLC - 25",07/03/2026 15:15,07/03/2027 15:15
c9da8e75-579b-4731-9098-8fb44dcd491d,comics.pro,resell,,,68,24,6,Dynadot Inc,23/12/2007 00:00,23/12/2026 00:00
ca16b832-d071-4e8b-9dae-d13bde838e5c,shouts.pro,available,4.99,,47,5,6,name.com,,
ca5ef9ff-1b5c-4d16-a3f7-b898fa32a474,CapeCod.pro,resell,,,78,22,8,"Sav.com, LLC - 27",22/03/2025 15:15,22/03/2027 15:15
cb02e5f2-5efa-4063-a29a-59e49d2f354e,etc.pro,premium,3125,,58,34,3,name.com,,
cb6c7e82-4754-49c2-8b22-f93aefa18064,divorcing.pro,available,4.99,,46,6,9,name.com,,
cbaec765-c152-4c46-9b9f-a3caad7bda35,alcoholpoisoning.pro,available,4.99,,48,1,17,name.com,,
cbe89211-f604-41c6-a688-585633d345a4,crash.pro,resell,,,66,32,5,Dynadot Inc,15/06/2018 10:08,15/06/2027 10:08
ccf92e78-c756-43cc-8b33-74ed384c3bc1,counterterrorism.pro,available,4.99,,52,3,17,name.com,,
cd4ff67a-e06e-4727-a6b7-77f049efd6a2,sucked.pro,available,4.99,,54,4,6,name.com,,
ce620013-8bfd-41b5-a691-1effb4abc21d,filewith.pro,available,4.99,,68,2,9,name.com,,
d1697589-6681-4d0e-87a3-7855bb00b41e,havenots.pro,available,4.99,,60,5,9,name.com,,
d1a24438-c762-459f-9d2d-cea0822250ef,plaques.pro,available,3.58,29.49,42,5,7,namesilo,,
d1d10396-a831-4248-a9a8-6f06ce829924,proxyvoting.pro,available,4.99,,62,2,12,name.com,,
d1f53b16-0eaf-4e07-ab8d-041ab39a16f2,facilities.pro,resell,,,77,10,10,"Sav.com, LLC - 4",26/01/2026 15:15,26/01/2027 15:15
d24e812c-7ee9-48dc-a1f6-92dd8b4f8eb9,goeasy.pro,resell,,,76,11,7,"Sav.com, LLC - 45",17/03/2025 15:15,17/03/2027 15:15
d2661fae-74a5-4982-9af3-3ff801f47e5b,echoes.pro,resell,,,56,24,6,Netregistry Wholesale Pty Ltd,26/05/2025 15:16,26/05/2027 15:16
d3215346-0278-4411-9f13-eb60e8812210,disappointment.pro,available,4.99,,50,4,14,name.com,,
d495ebf0-9669-490a-8ed9-6250362a5b90,behindschedule.pro,available,4.99,,38,1,15,name.com,,
d4c643db-a27a-42dc-96b8-dccbce010002,rivals.pro,resell,,,48,20,6,GoDaddy Online Services Cayman Islands Ltd.,24/06/2012 02:26,24/06/2026 02:26
d61654a4-6c36-41a5-8922-ce447c9a345c,deaths.pro,available,3.58,29.49,50,6,6,namesilo,,
d632a201-48c5-4daa-addd-0515669ec0b3,unsettles.pro,available,3.58,29.49,43,1,9,namesilo,,
d69a419c-6bc1-4267-9095-df358f5a281f,sexualassault.pro,available,4.99,,43,3,14,name.com,,
d7ec7cb0-a640-4bca-9b8a-f8504548a918,strepthroat.pro,available,4.99,,68,2,12,name.com,,
d82ca039-c578-4d78-b8bb-165dec2f9dd9,keepunder.pro,available,4.99,,66,1,10,name.com,,
d94644a4-2f0c-4242-a3cd-ce727e5cfc74,foes.pro,available,4.99,,46,6,4,name.com,,
d968ed1c-8e50-41ce-ae66-ee5c6dfbcf9c,disorders.pro,available,3.58,29.49,46,5,9,namesilo,,
d9a734ba-3050-486e-b103-b2e6e08fc754,mosquitos.pro,available,4.99,,42,5,9,name.com,,
da911b99-01be-4d52-91d6-66620796f25b,diseases.pro,available,4.99,,40,5,8,name.com,,
daa830c5-18ba-4dcb-95c5-12fabab378e0,thedamn.pro,available,4.99,,38,1,8,name.com,,
db7ee59f-c15f-436c-9e06-133ef6fdc23a,deadoralive.pro,available,4.99,,54,5,13,name.com,,
db882cd9-cc1f-48ee-9494-d5fef92fbea4,slipoff.pro,available,4.99,,65,1,8,name.com,,
dbb7cec8-d381-4dc1-b1e9-92516bb68090,letsgo.pro,resell,,,57,31,7,Netregistry Wholesale Pty Ltd,06/06/2025 15:15,06/06/2027 15:15
dbbbce2d-a831-48f1-9171-e9f7e5055b7b,proxybullying.pro,available,4.99,,28,1,14,name.com,,
dbfd7eb3-f5da-4282-9693-dd297868aa6c,pages.pro,resell,,,52,28,5,"GKG.NET, INC.",03/07/2019 10:12,03/07/2026 10:12
dc0076b4-d756-4336-9442-dae4a7d5d77e,Women.pro,resell,,,77,29,5,"NameSilo, LLC",19/06/2019 11:07,19/06/2027 11:07
dcc89b2b-993a-4e62-986b-1b0a12ddfa73,suspecting.pro,available,4.99,,48,1,10,name.com,,
dd9b66ac-429f-4577-ad85-7be30c4edd98,counterattack.pro,available,4.99,,64,3,14,name.com,,
de0d1756-9f28-4807-8e8d-9102fc0ea182,Ihateyou.pro,available,33.98,,52,4,10,namecheap,,
dee3432c-35ca-4f11-b5d6-20ae1d597019,chocolates.pro,resell,,,70,11,10,"Spaceship, Inc.",11/05/2010 03:22,11/05/2027 00:00
dfefd794-e24b-4be1-98e6-119c36d0c6b6,bros.pro,resell,,,58,19,4,Squarespace Domains II LLC,30/08/2021 14:30,30/08/2028 14:30
e01ed73b-922a-4b3d-9970-b00dce5530ff,suppresses.pro,available,4.99,,44,1,10,name.com,,
e057a27f-18ba-4e74-82d1-3b49f032a113,loops.pro,resell,,,70,19,5,"Sav.com, LLC",14/12/2025 17:00,14/12/2026 17:00
e0f3e3a4-0ddc-436b-841e-34989312005a,blewit.pro,available,4.99,,44,2,7,name.com,,
e1259ad1-d328-462c-874e-019e7666bd38,shortest.pro,available,4.99,,54,6,8,name.com,,
e1b12c78-4a1f-4284-865e-5e9b1cf552ed,rubbed.pro,available,4.99,,62,2,6,name.com,,
e576e4c8-940e-4db6-b047-ec4bf4274695,goAWOL.pro,available,33.98,,46,2,7,namecheap,,
e6a89e35-58b1-423f-87de-ebe5b2a7be63,uptoanything.pro,available,4.99,,52,1,14,name.com,,
e7ac1923-9647-4e6c-bba8-152602827373,finals.pro,resell,,,80,7,6,"Sav.com, LLC - 9",22/03/2026 15:15,22/03/2027 15:15
e8850972-143d-4cc6-90ed-35d685f76419,somuchfor.pro,available,4.99,,46,0,11,name.com,,
e8acf67f-0a20-4b81-89e1-b416a3e2d0dc,longfor.pro,available,4.99,,70,3,8,name.com,,
e971c468-5bda-4978-9511-d9ac4e2c7f82,gomad.pro,available,3.58,29.49,70,5,6,namesilo,,
e98c7f55-c2f8-4333-9cb5-f7f812a2e14b,number.pro,resell,,,78,24,6,Squarespace Domains II LLC,04/06/2019 10:29,04/06/2027 10:29
e999fcb9-a290-4f4b-b425-3d59b60495b6,generations.pro,resell,,,56,20,11,"Sav.com, LLC - 6",08/11/2025 15:15,08/11/2026 15:15
e9cb0d8b-51c2-4969-84e9-b0febcdeb287,childrapist.pro,available,4.99,,38,1,12,name.com,,
ea300762-420a-4c94-8780-0fcbf0247d7b,indanger.pro,available,4.99,,60,1,9,name.com,,
ea7d2930-047a-41d5-b0b5-b4ed33e3019b,refusing.pro,available,4.99,,40,3,8,name.com,,
eab57b36-6aab-4b81-aa4a-06f123144ef6,backs.pro,available,4.99,,56,5,5,name.com,,
eac9aacb-c0d0-4982-b3bb-fe5f452e6faf,finalstraw.pro,available,4.99,,66,2,11,name.com,,
eae905cb-cd34-4f61-819b-bd669cd80905,biases.pro,available,3.58,29.49,42,3,6,namesilo,,
eb57d41d-40c3-40a3-b89b-c8b3f46dc3c1,signlanguage.pro,available,4.99,,76,8,13,name.com,,
ebeeeb99-753c-48cf-ab85-01dafb86f2b2,stamp.pro,resell,,,64,21,5,"GoDaddy.com, LLC",17/05/2016 10:05,17/05/2026 10:05
ec156319-0365-41f6-b301-f650caf639ab,bottles.pro,resell,,,62,12,7,"Sav.com, LLC - 18",29/12/2025 15:15,29/12/2026 15:15
eca6e2a8-ba54-42b8-a666-8bca32b5649d,WorldWarIV.pro,available,33.98,,52,1,12,namecheap,,
ed2189df-303a-474b-8f9d-868c311a6df3,mistakenidentity.pro,available,4.99,,52,2,17,name.com,,
edb1b488-f496-4165-8efa-d4608cce5f86,goawry.pro,available,4.99,,66,0,7,name.com,,
edbf578a-4578-431e-be09-e72f2c351a71,NewDelhi.pro,available,33.98,,72,10,9,namecheap,,
ef937afb-1a57-459a-ad2a-9ccb39677bb3,tapwater.pro,available,4.99,,71,7,9,name.com,,
efc7e511-1bd1-420c-a8de-c10cdc8de7d6,keepitdown.pro,available,4.99,,46,0,12,name.com,,
f0da965c-059a-4366-b41c-58e987b9ba87,leaveover.pro,available,4.99,,70,1,10,name.com,,
f0df121e-d4da-4f76-9482-6b623fd0fad5,sitaround.pro,available,4.99,,66,1,10,name.com,,
f2298429-ea2c-4d4a-8290-2598820b3017,chem.pro,resell,,,74,24,4,Squarespace Domains II LLC,19/01/2019 10:09,19/01/2027 10:09
f47b3878-958d-40b9-b127-c1e331453f4a,hangover.pro,resell,,,62,12,9,Humbly LLC,30/08/2025 15:15,30/08/2026 15:15
f6936062-da8c-43b6-8a7e-46cc7f85f5ae,showandtell.pro,available,4.99,,70,8,13,name.com,,
f7a4f705-892f-4281-8be4-0a7219c000cd,requirements.pro,available,4.99,,56,9,12,name.com,,
f7dc1a06-a3c5-42a4-9cf7-456c0f433d25,havenot.pro,available,3.58,29.49,66,4,8,namesilo,,
f7ecd488-60c6-4e2a-823b-dc9ac9282d38,norms.pro,available,4.99,,45,7,5,name.com,,
f7ee6aae-b528-426a-8895-7a18a5f0829b,threats.pro,available,3.58,29.49,44,8,7,namesilo,,
f8eac88a-536d-42ec-8818-634e6a859a41,clickbait.pro,resell,,,66,11,9,"Sav.com, LLC",09/02/2026 20:14,09/02/2027 20:14
f8ede603-83ba-495f-b667-c3bbe1b74d77,grandparents.pro,available,4.99,,68,5,12,name.com,,
f91f5e08-52dd-40e1-8177-d9ccd047e720,movingforward.pro,available,4.99,,56,8,14,name.com,,
fb2a473e-0fdb-48e9-91d0-3649de8eff17,peed.pro,available,4.99,,54,4,4,name.com,,
fd59bb1b-4891-4fcb-b6ff-4443a9dd4bd8,adds.pro,resell,,,56,9,4,"Sav.com, LLC - 33",13/04/2026 15:16,13/04/2027 15:16
fdf75e01-6b79-4c5f-9e23-7dab5fb00678,scenes.pro,available,4.99,,54,8,6,name.com,,
ff544e52-bb4f-4b5c-9cf7-7650ea7b3aca,flashfloods.pro,available,3.58,29.49,42,1,12,namesilo,,
d7a8e2a2-568d-46ac-b401-305d3f046238,aberrant.pro,premium,,,74,7,8,,,
f166f1d6-49bd-4fa3-a2a7-872076fdf632,factsontheground.pro,premium,,,54,76,19,,,
12c8981b-e7ed-4ccc-b1d8-0a16331bfed4,bourbon.pro,resell,,,62,80,7,"Sav.com, LLC - 13",01/11/2023 17:00,01/11/2025 17:00
fdb448c1-e3b2-4eac-a9d7-2be6684e23fd,Nostell.pro,premium,,,50,72,7,,,
1e6a78a3-368d-4b95-997a-6bc4ac8c6eff,thighgap.pro,premium,,,,20,9,,,
05d5c0bc-dcff-4f5f-9c67-f2d82c559ac6,sheekkebabs.pro,premium,,,,4,12,,,
2ae16bf2-310c-4c67-8bfe-14af791cbf50,fullthroatedly.pro,premium,,,44,72,15,,,
d47db7b5-2a0f-41ac-8268-db294e469adf,cutlassfish.pro,premium,,,56,72,12,,,
0a0acf49-5fe6-401b-a279-c720b9f2664c,verify.pro,premium,,,80,36,6,,,
f8f0356d-7198-4227-9876-91781f398674,fishandchips.pro,premium,,,50,92,14,,,
0fd8df39-e84a-4cb9-a288-06e05b1b4b26,crazybone.pro,premium,,,56,72,10,,,
dd1bbd2f-6770-4308-a13a-ee3608d6e661,toolfriendly.pro,premium,,,62,72,13,,,
a4cc8df3-a4fa-47d3-91b8-5e7de5c95c9e,allow.pro,resell,,,72,8,5,"Sav.com, LLC - 36",18/01/2025 15:15,18/01/2026 15:15
1150af62-0345-47cf-8d60-80f098e5b698,councilhousing.pro,premium,,,54,12,15,,,
a47d0cba-9000-4081-809d-edff2ec04052,sower.pro,premium,,,74,88,5,,,
48ac7290-ef45-42de-bbcb-a3552f5e7119,GreaterAntilles.pro,premium,,,52,72,16,,,
d34a8eb1-de36-4d7f-ab86-9f220cbbde0c,Firstday.pro,premium,,,50,84,9,,,
cddd02b7-a0d6-48a7-a956-1ba1c92b96de,allencompassing.pro,premium,,,56,72,16,,,
3007555c-211b-4a76-8bae-90f2cfcd1bb1,onthecarpet.pro,premium,,,52,72,13,,,
a47955a4-7968-4c9f-be04-08e6781d599b,moneyward.pro,premium,,,48,72,9,,,
2ea1f7a3-f3e7-4902-a061-29a112650bf7,nineball.pro,premium,,,,84,9,,,
523e8bb8-008b-4b11-92e4-5bd53cab4c27,sprang.pro,premium,,,,80,6,,,
7866dea7-a973-4714-b643-ee7f357057a8,thanked.pro,premium,,,,16,7,,,
99663daa-5496-459a-96cd-af42d633b398,mixednuts.pro,premium,,,54,80,10,,,
d12c1066-b5bc-4e67-a283-66c7906bdca2,uncorking.pro,premium,,,,12,9,,,
999c5891-e655-470a-aa07-f127dbf9feb5,finishes.pro,premium,,,44,32,8,,,
03c25095-6331-47fe-bb41-e43f0389c84a,grafts.pro,premium,,,38,16,6,,,
504c8827-2709-42d9-8daa-08ad1a129dbf,slicked.pro,premium,,,57,72,7,,,
f59b8f5f-fc97-43f6-aa79-15265f689593,fraternally.pro,premium,,,50,72,11,,,
a2ed6f0b-0592-42d2-8315-1e18bfa49771,coordinative.pro,premium,,,54,72,12,,,
a006e861-ade1-423c-834a-52c7419cd8b3,heliport.pro,premium,,,56,80,8,,,
7d63497b-0ff5-4854-919a-8b9415ccbdc8,acre.pro,resell,,,62,22,4,AccentDomains LLC,02/12/2025 15:15,02/12/2026 15:15
f65ee46c-bef4-418a-9c66-2fc1dfd1ed3f,companionships.pro,premium,,,44,20,14,,,
31c7a48d-22be-47d6-8c4f-1b8fbfa3afb2,soundful.pro,premium,,,64,80,8,,,
68f51c2f-0c0e-4e3b-bce5-866bff229ab2,OrangeBowl.pro,premium,,,,72,11,,,
c10bcdda-5aee-4f56-80f4-cfbc01da958a,pawnshop.pro,resell,,,56,76,8,"Sav.com, LLC - 3",13/11/2024 17:00,13/11/2025 17:00
86dbe9a5-3e7b-4db6-ab54-b2805686a36d,crystalise.pro,premium,,,71,80,10,,,
def3951d-b422-4a7d-90ff-5032ffe39660,pentagonalprism.pro,premium,,,54,72,16,,,
2774e6ff-58b3-4e9c-a168-6ed30e762deb,breathtaking.pro,premium,,,70,7,12,,,
0819f6ea-e11b-4310-a579-405d0cc37ca5,couldbe.pro,premium,,,38,32,8,,,
2b158658-1544-43d3-9b44-dae5d439c2ab,neophytes.pro,premium,,,,20,9,,,
00ac5f93-3dde-4acd-83c4-456aa1d9a91e,aramaic.pro,premium,,,78,3,7,,,
178725fd-7cb0-40a8-93eb-c84e244377ce,pochard.pro,premium,,,60,72,7,,,
06ae2bfd-fc35-4703-a066-b81d2afb5adf,exaggerate.pro,premium,,,80,2,10,,,
f7a9babf-65e0-4bc2-a5c0-53ff291704f9,beholders.pro,premium,,,42,24,9,,,
3de9e334-8131-445c-a5b0-2aade3dbb82a,pharmacist.pro,resell,,,74,11,10,Unstoppable Domains Inc,05/07/2023 17:00,05/07/2027 17:00
6db7147d-094e-401d-b62a-07973dc7b053,doctorup.pro,premium,,,58,76,9,,,
ade8a170-ff20-47ef-a78e-77da21ad8ee0,rootfor.pro,premium,,,,80,8,,,
4fc20a53-3a15-40bd-89fd-a800d0b319bc,method.pro,resell,,,94,92,6,"GKG.NET, INC.",10/04/2014 01:12,10/04/2026 01:12
ee21a7e8-4e43-46a1-aa05-9e282538537a,weatherradar.pro,premium,,,,80,13,,,
fd05bccf-6e96-44e6-9450-9881e4edda78,warmregards.pro,premium,,,,76,12,,,
1b07c0d1-c219-455b-8a10-a02f18cfc6b6,nutritionists.pro,premium,,,,32,13,,,
c884c0eb-6ef5-4622-84da-a3213ff99dad,Wickenburg.pro,premium,,,50,80,10,,,
c1a3941b-aba8-4eef-bf33-2da3bdc37081,dawson.pro,resell,,,54,84,6,"Sav.com, LLC - 5",22/11/2024 17:00,22/11/2025 17:00
bf86326c-d457-4cab-91a4-ed7927af9579,acerate.pro,premium,,,68,2,7,,,
f6a3c548-b4b2-4f22-9832-5ed4b62c0878,harry.pro,resell,,,58,96,5,Dynadot5 LLC,03/11/2021 14:30,03/11/2026 14:30
395d161c-1ef7-4704-8338-a78d9cc0d9fb,devotions.pro,premium,,,52,5,9,,,
4084c363-88e4-4dc9-a2ba-33cc805e90c4,Jolene.pro,premium,,,54,84,6,,,
925c1af2-389c-44c7-82df-ce9c03d360fa,alphaneptunium.pro,premium,,,34,72,15,,,
a50a3871-f5fa-40ca-a9cf-af187f6de413,bruschetta.pro,premium,,,66,80,10,,,
c03dfe83-0c15-4286-8cdd-dd0c437da7eb,chocolatey.pro,premium,,,66,32,10,,,
1415ea0f-2c14-43eb-8675-1b369804c905,Frenchpancake.pro,premium,,,76,1,14,,,
da040dfa-1c47-42f0-af45-c58ffdeea81c,quaintness.pro,premium,,,60,72,10,,,
e8f8d184-f0a9-4e0d-ae88-85964e2a307e,assertions.pro,premium,,,50,12,10,,,
b9b39b89-934e-4882-9d92-73ad42599ac2,corporateladder.pro,premium,,,54,72,16,,,
08f9c1dd-0174-44cc-ba9a-560be170d3c8,applesaucey.pro,premium,,,64,72,11,,,
9f861e5a-5eac-45b6-a001-da246e118887,highavailability.pro,premium,,,47,16,17,,,
2d47b73b-7e76-422a-b875-587a9302a220,zoic.pro,premium,,,58,84,4,,,
fd31b912-eaaa-42c5-bdaa-65b2dba68811,safetyvalve.pro,premium,,,88,68,12,,,
5dc164c8-f06e-4485-b575-dbbbe99cd0cb,airdried.pro,premium,,,58,1,9,,,
5782deb8-892a-4071-bdc3-a1e6ea860924,crystalhealing.pro,premium,,,58,80,15,,,
d4efd2c9-4ab8-4568-be8b-e102c1be0211,throwoff.pro,premium,,,64,1,9,,,
550a9541-7a6b-4d7f-a976-9076efb8e8a2,caroller.pro,premium,,,62,72,8,,,
db5a97a9-597d-44e6-be88-5b0efc0301b9,hic.pro,premium,,,70,14,3,,,
f4638723-4ba4-4cc3-ae3c-6015edaede6b,permitting.pro,premium,,,62,80,10,,,
c2415f41-c194-4831-a3db-17249fedbcbf,counteradvice.pro,premium,,,56,72,13,,,
801a007a-1c5a-4f41-a672-6f6558739cce,tangiers.pro,premium,,,48,76,8,,,
de7322e8-0342-4d50-85e1-3e38f731abb1,successor.pro,premium,,,68,6,9,,,
ddb2a2c9-cfaf-485b-b7f7-ac7ad5c78688,sidestroke.pro,premium,,,56,72,10,,,
5a5d2734-76c2-4408-9b52-653e8c0c76a6,pizzazz.pro,premium,,,80,84,7,,,
5883f5ec-2290-455a-822f-ebda10129165,outplace.pro,premium,,,56,80,8,,,
7f5fa44b-72e2-4dfb-bc60-069b06883374,abounded.pro,premium,,,38,8,8,,,
6d2882e5-32b1-40fb-a567-81025c5df41c,moveit.pro,resell,,,,13,7,"Sav.com, LLC - 40",27/05/2025 15:16,27/05/2026 15:16
e1dce4ce-819f-4bb0-8641-39476cb7debd,restaffing.pro,premium,,,54,72,10,,,
dd6a2742-c73f-45a3-a8de-c65843df84b1,makars.pro,premium,,,42,8,6,,,
af608d64-9072-48e6-8813-073c54587343,spirits.pro,resell,,,80,18,7,"Soluciones Corporativas IP, SL",08/11/2007 00:00,08/11/2026 00:00
e1298492-bb7d-474a-bfeb-4739cd20e8f7,OurLady.pro,premium,,,,80,8,,,
24dad4aa-c624-4556-b7c5-6a4599557d62,decongestant.pro,premium,,,56,76,12,,,
344f3d0e-f580-48de-8017-57d399ca18d0,developer.pro,resell,,,72,36,9,"NameSilo, LLC",21/06/2008 00:00,21/06/2026 00:00
9a441553-b344-4d49-bd52-73d5165c0ac7,creditreference.pro,premium,,,64,72,16,,,
bd930403-66c3-47dd-b23f-d0059aeaed8a,frontfacing.pro,premium,,,38,72,12,,,
5172ccab-1307-40bc-becd-faff41d1eb40,ironmongers.pro,premium,,,36,16,11,,,
374d9cfe-8c28-4292-80ca-8518fd26215a,latticed.pro,premium,,,56,76,8,,,
7a0e31e0-3b64-4cdd-8c23-9183f05248bd,Stadlau.pro,premium,,,52,76,7,,,
f5318214-06b7-4ee3-b687-5c0f97907615,retime.pro,premium,,,78,92,6,,,
e95f938a-fde3-4a98-889d-b6b25b3b5ee7,secondviolin.pro,premium,,,68,72,13,,,
ff0e4672-5d8e-4fdc-93d7-aac6fe9fa76e,babar.pro,premium,,,60,76,5,,,
4302f845-7fab-42aa-b6a1-342140daa6e6,unconditioned.pro,premium,,,,16,13,,,
43dda0fd-d001-4bb3-9465-415de7a575be,guideword.pro,premium,,,58,72,10,,,
8870c00b-d48b-4d33-b9a1-ee4bb7cde357,peered.pro,premium,,,,16,6,,,
554cd095-b3d9-4161-a368-c06a1bc84f81,freeclimb.pro,premium,,,68,76,10,,,
5b505737-41aa-4c1b-870d-b6c8d6bfde35,UNCDF.pro,premium,,,58,72,5,,,
e2bb99ae-b023-41c2-b7f8-2355fdd4c920,highmarking.pro,premium,,,57,72,12,,,
39c3e155-18e8-48dc-9750-d97c2ea5557b,varves.pro,premium,,,,4,6,,,
5238378a-872d-4f44-9d0a-343038f2d918,valueable.pro,premium,,,74,3,9,,,
a33577b5-542b-436d-a4a5-d5392f8ee70e,comedically.pro,premium,,,54,72,11,,,
9a03e9fd-c88c-4404-9ea4-effc31445cb2,Londonfog.pro,premium,,,60,72,10,,,
d6f25229-a4a4-410e-ae61-a3d78d2d6894,preannounce.pro,premium,,,58,72,11,,,
b711e139-c67d-494f-9eb9-bd69d7056226,lxxxvii.pro,premium,,,52,1,7,,,
4d985d83-036e-48af-9d46-025273e26101,upholsterer.pro,premium,,,54,76,11,,,
fb8519d8-89cf-4469-8826-589f8de01ffd,musicnotation.pro,premium,,,68,72,14,,,
ef1199a4-2e36-4b3d-a5b7-1e3b2bf8ce7a,CityofAngels.pro,premium,,,52,72,14,,,
f5f3b781-7b49-4c6b-99a3-43ce2b213232,musicpaper.pro,premium,,,68,72,11,,,
bd502889-b499-4996-8d50-a00bf62e9dc6,condenses.pro,premium,,,38,8,9,,,
f1084a14-a804-4157-8c05-804f5c83876f,makebabyJesuscry.pro,premium,,,64,72,19,,,
321ce9e3-a5a3-4da4-8f4b-ff75ed054aca,risible.pro,premium,,,66,76,7,,,
2c333efc-27a1-447c-b8a7-68479b765756,claretcup.pro,premium,,,56,72,10,,,
5ac45e55-97de-4b4c-b9f6-7c67923c1aea,annulate.pro,premium,,,68,1,8,,,
512e817b-4297-499e-a98f-7f4e804c9854,slobland.pro,premium,,,,72,8,,,
86c3fd55-8043-4a20-8640-640036620ec7,phosphorus.pro,premium,,,50,80,10,,,
18e0e3d5-f1fc-466a-b48d-6c1dc9d5b4f3,damned.pro,premium,,,68,7,6,,,
9d6bef8c-7b00-481a-bc09-e905b03249a6,basinet.pro,premium,,,56,72,7,,,
51bb08fd-cc35-4816-8987-3f29a8682253,undubitably.pro,premium,,,50,72,11,,,
719425f5-b4c5-4d2f-8aec-3b2f6446f04b,ATMmachine.pro,premium,,,62,80,11,,,
56fa9cf7-7876-40d6-aef1-600deb1f27a3,hillclimb.pro,premium,,,64,76,10,,,
776943ce-4370-48f6-8d26-abf0a83dbdad,dualnationality.pro,premium,,,64,72,16,,,
a92021b3-8500-44f0-a0f0-1adb93c5b3e8,accubation.pro,premium,,,52,76,10,,,
b3fb1859-802b-4097-866c-66033cf564ff,positivesign.pro,premium,,,,8,13,,,
9b7da963-9512-482f-99ad-68da3c506997,threeway.pro,premium,,,72,80,9,,,
56f7d42a-59bd-4e74-949b-41a0b4b4058a,expansional.pro,premium,,,60,12,11,,,
359aa407-d29a-4d82-b55d-f1788efe9029,capris.pro,premium,,,60,36,6,,,
ed543e9c-aa50-47ee-8bd8-befd23313ef5,tomboyishness.pro,premium,,,,4,13,,,
2cd9d140-010e-4880-ab79-88fac2c20ccb,popculture.pro,premium,,,,88,11,,,
d045198f-0de0-457d-92fb-e8dc5b1f4636,seasalted.pro,premium,,,,76,10,,,
b1741013-546f-488e-8583-b3f11c4ea7ef,strapin.pro,premium,,,,1,8,,,
5b873a64-a59c-4f0e-8831-2819b19dac6a,Obs.pro,premium,,,,60,3,,,
e53b4ae5-ff4b-405e-901b-baaeb43499c7,patienceisavirtue.pro,premium,,,62,72,20,,,
589ce5e4-9f8d-44e8-9fa9-2322e94830df,Chinesecharacters.pro,premium,,,44,72,18,,,
03de3e48-850f-4ffe-a924-b2d9c60e87a1,lactic.pro,premium,,,54,80,6,,,
60bb6db8-85ab-4e8d-ab31-b483499cc72b,pol.pro,premium,,,58,88,3,,,
00a33365-222e-470d-97be-f5ef001cf8fe,Istanbullu.pro,premium,,,60,72,10,,,
e4d12336-33d0-46a8-87c9-3a507073c3a0,vilnius.pro,resell,,,52,80,7,Epik LLC,17/10/2022 17:01,17/10/2025 17:01
cd04daee-92ec-40ef-99e2-716dc8c29e0b,KnightsofColumbus.pro,premium,,,52,76,19,,,
b40d8975-e556-4f14-ab93-fb43499a73ba,socialconservative.pro,premium,,,60,76,19,,,
1a12301f-48ae-4a24-a672-3fb5b3a995c5,married.pro,resell,,,90,11,7,"Sav.com, LLC - 31",01/09/2025 15:15,01/09/2026 15:15
ea61e82a-6bbb-4299-85ff-a869c5ff463f,hugger.pro,premium,,,88,76,6,,,
1e709f85-364b-42c8-8f44-aa82ea530218,blackswallowtail.pro,premium,,,64,76,17,,,
d1515e5a-57b5-4cd1-99ef-ca7f571ebb77,NBC.pro,premium,,,96,88,3,,,
357d16cf-57e0-4a29-9edc-e229d14f8b22,simplemachine.pro,premium,,,58,84,14,,,
b460c6c9-a834-4d29-8ca7-be11193b4479,Chinesebroccoli.pro,premium,,,68,12,16,,,
1c8e157e-0ba6-4f47-9e4b-e0897ad02d19,buttertart.pro,premium,,,60,72,11,,,
b3a40f46-0a6b-4cab-a5c5-3df9dcc35fb8,onlywhen.pro,premium,,,50,72,9,,,
3aeff1a9-bf64-4885-9fa0-8f93f54f6a53,conjugal.pro,premium,,,50,72,8,,,
795cc76d-faea-454d-94ae-ced60f84f7c6,shepherdkings.pro,premium,,,,72,14,,,
d16aedd0-01a1-48ee-b6aa-a7ae4e3a2660,stripling.pro,premium,,,46,3,9,,,
c46bfe4c-b886-4838-959d-55e52ca39f72,lunarobservation.pro,premium,,,42,72,17,,,
eacd8449-9ff2-4a49-aa8c-a5a7bd07069e,tequila.pro,resell,,,64,96,7,"Sav.com, LLC - 4",05/02/2023 17:00,05/02/2026 17:00
fcc91eac-b69d-4850-93d9-6ab2f7664caf,correctable.pro,premium,,,58,72,11,,,
11e65fb5-7727-4291-a364-82e432c3d73b,stkitts.pro,premium,,,58,72,9,,,
08270f9f-deac-4984-ac0f-7bc56a487202,migrater.pro,premium,,,60,72,8,,,
27a45e8f-3529-4844-9058-99396d2ef0c4,tampere.pro,premium,,,52,80,7,,,
e84b1a82-fb35-4ed7-893d-91cdc6238702,funnyman.pro,premium,,,64,72,9,,,
7e6fb675-c295-4930-8edc-bc236911119e,cuptowel.pro,premium,,,56,72,9,,,
b0c493ab-d11d-4f38-9c88-2e055c55473f,comeafter.pro,premium,,,62,72,10,,,
189e3f93-4e7d-4011-864c-89287aa26363,whitegloveservice.pro,premium,,,64,76,19,,,
4478d79b-d451-4d23-8830-d10960630a22,Rosalynn.pro,premium,,,60,76,8,,,
8462a50d-fad2-4bf4-8b12-eef5ae029dda,glazeup.pro,premium,,,56,8,8,,,
34e0dc55-8c69-48f3-8328-2a729e837ec9,arthistory.pro,premium,,,73,11,11,,,
c5ff53d0-3647-46d9-852b-a387aa427e82,havethelastlaugh.pro,premium,,,70,1,19,,,
ea835419-92cc-4fff-b844-4b3d00e5dd9a,lightens.pro,premium,,,46,8,8,,,
68f53b6d-0798-47f7-8f8a-4aec981b2d6b,candlewax.pro,premium,,,58,16,10,,,
b06f1e0c-f32b-49a3-afa9-09f9ac20c006,AfroCuban.pro,premium,,,58,76,10,,,
654f44d2-143d-4209-a646-b1cc4d316d62,Viviane.pro,premium,,,64,80,7,,,
e116ad22-60c1-453f-ac7c-4a0ea28fd1d1,retinitis.pro,premium,,,52,72,9,,,
c512e81d-aeff-416d-a498-a350d26baaa5,communioncloth.pro,premium,,,36,72,15,,,
62ccef7a-f33f-49a7-9042-1aa546d63956,liquidnitrogen.pro,premium,,,54,76,15,,,
ffbdff88-35fe-47fe-b236-f195cde96fab,mocambique.pro,premium,,,56,76,10,,,
88703825-9212-4698-97a1-7cc7e7b15bfe,motelroom.pro,premium,,,58,76,10,,,
bfc4f2b5-47ae-4548-ac1f-1dba3858da8f,weald.pro,premium,,,50,80,5,,,
330ef377-9fdf-48cb-96ca-4df09e516d09,passalong.pro,premium,,,75,3,10,,,
4b385f13-3818-4e63-be4b-f4f5b4ff0353,weedkiller.pro,premium,,,,24,11,,,
a3d3b5ce-e640-4857-ad98-e0e5f89379ab,seriesfinale.pro,premium,,,66,72,13,,,
6bab3431-9c08-4ba5-80fc-d86a43e86237,smokedIrish.pro,premium,,,,72,12,,,
d1ea421a-731d-4726-ab22-2118b231202e,signer.pro,resell,,,60,88,6,Epik LLC,16/10/2022 17:01,16/10/2025 17:01
c68d245e-1032-4797-8e86-bc73a875392a,ultimatums.pro,premium,,,,12,10,,,
948d9d8f-41f6-4a57-8f72-767dd94f3353,Ilocano.pro,premium,,,88,76,7,,,
86904770-aa4c-4f70-96ed-a26b5fc8d04b,dieselengine.pro,premium,,,70,3,13,,,
7b3ce3f8-345e-46c8-a4ed-181bda023af9,overfilled.pro,premium,,,,8,10,,,
724606d8-80f9-446a-baac-2ebb88f9a428,patrolvan.pro,premium,,,,4,10,,,
b0ce02d3-795d-49cd-acaf-17022fd42868,dashingness.pro,premium,,,52,4,11,,,
704ae013-11fe-4722-ab1f-0a9bb490df53,goforgold.pro,premium,,,70,15,11,,,
c1d2ba8f-503c-42d1-85c2-9419448582ed,seetheworld.pro,premium,,,,80,13,,,
465f04b4-60f8-42e4-84fa-2b90cff74529,Westmill.pro,premium,,,50,72,8,,,
f74ee138-ac72-4ee0-a913-fc66c64a5f07,dassierat.pro,premium,,,60,72,10,,,
74a74d7d-336d-4ae8-b08a-07ff7c460d6b,intuitiveeating.pro,premium,,,58,72,16,,,
6c08ca4c-1295-4599-99e3-98c42a6a345f,shoebrush.pro,premium,,,60,72,10,,,
a37e48a0-7d17-490b-ac67-c2bdc1e3d2ad,recognised.pro,available,4.99,35.99,78,3,10,name.com,,
c13bafea-69c4-412d-b213-5a6fedba66a6,WardBeach.pro,premium,,,,8,10,,,
b8190b87-df7d-481a-a9af-08f19adc857b,auld.pro,premium,,,54,5,4,,,
bcad6e2e-7ee8-4380-9deb-c2c27e5fa31f,marbledmurrelet.pro,premium,,,36,8,16,,,
6b9b6aed-f2d0-4589-bc97-69fa0b8a67ca,wetpail.pro,premium,,,76,72,8,,,
ce0e92dd-623c-45b7-bd87-d84c5ec68d5d,amusive.pro,premium,,,62,2,7,,,
76939fe0-ac6d-4651-969d-75ef3fc6ed58,prostate.pro,resell,,,75,80,8,"GoDaddy.com, LLC",27/03/2023 17:02,27/03/2026 17:02
62beccd4-58b9-4bb9-9339-4092c8f278f3,unscrew.pro,premium,,,68,84,7,,,
e675b18b-44de-4548-a7f2-e407aa070207,psyches.pro,premium,,,,28,7,,,
3d22be38-5301-4d4c-a4bd-cda0efbdb2dc,glorious.pro,resell,,,70,80,8,"Sav.com, LLC",23/07/2024 19:05,23/07/2026 19:05
4744e9b6-dfb2-46b5-aa56-67f0853c0705,houseofdetention.pro,premium,,,58,4,18,,,
620592e4-019d-42c0-a45a-61613ed3bd06,flattenthecurve.pro,premium,,,60,72,17,,,
f081d7fb-a89b-4ff8-a4c7-3aead84050d3,contradicted.pro,premium,,,56,72,12,,,
4e25bf02-5a7d-4833-b119-8db61ce5d70b,MotherTeresa.pro,premium,,,80,20,13,,,
83e5c5c1-9266-4e33-8eab-34bec8d688be,musclegirl.pro,premium,,,,76,11,,,
34ae8130-416a-473a-ad8a-40e68061d779,packanimal.pro,premium,,,60,72,11,,,
33b2b728-2801-4839-9d27-aa64272c1502,oftused.pro,premium,,,,4,8,,,
48f38f7a-e9f5-4218-b81a-15416bf14f26,eleventhgrade.pro,premium,,,56,72,14,,,
a7491c74-7208-45ca-9a88-3a8b48f0fbda,beaklike.pro,premium,,,36,1,8,,,
dfb6cdb5-c7f1-4077-bca1-8f478a4e0059,troopers.pro,premium,,,,40,8,,,
d45d58ad-a282-4d5f-8fb3-69f7a82fd412,BMTH.pro,premium,,,48,80,4,,,
e128949a-1dcb-4df3-9fa7-d84d5dd2ae0d,meddle.pro,premium,,,66,5,6,,,
ea307253-2193-459c-b309-42ecb40d1143,Saskatonian.pro,premium,,,70,72,11,,,
1495f00a-a424-4f0f-aca3-a70536f18136,indoorrelief.pro,premium,,,54,4,13,,,
99c27e6b-ad0d-4f1e-a13d-33e04ab528ce,equivalencegate.pro,premium,,,58,72,16,,,
128da1a2-dc50-4541-b190-35e96ba08743,lenience.pro,premium,,,58,72,8,,,
36d72e3f-ff1c-4819-b478-b2031e8acd25,wishfully.pro,premium,,,46,72,9,,,
9b0c5916-584b-46a4-895f-750858867d0b,lollies.pro,premium,,,48,20,7,,,
4cd36f55-b9a1-4536-8f0c-99ec970ecc93,migratory.pro,premium,,,52,72,9,,,
03bbc7fe-d342-452e-9380-1422631c951a,blamelessness.pro,premium,,,54,4,13,,,
f6ce4275-6389-4cbb-adb3-3114a5605cb6,espoused.pro,premium,,,32,8,8,,,
8b62bdb7-350c-4c47-b86f-1f7e4b9b2fe8,buffalos.pro,premium,,,40,20,8,,,
a8d1d17d-f5a7-40af-87d9-b53cf90b0fc0,backgarden.pro,premium,,,60,72,11,,,
2dcc001a-0395-4e06-bd9d-5f07345e08ed,haveanap.pro,premium,,,50,12,10,,,
eefafda7-642e-401d-b2ad-54912857db48,jetturbine.pro,premium,,,44,72,11,,,
a8f577f0-4cd7-4649-97b7-ca597847d079,countercathexis.pro,premium,,,54,12,15,,,
08e8e6cc-1b24-442b-ba9e-846de8d2fb48,profitmargin.pro,premium,,,70,3,13,,,
db3faa32-7f60-4a32-87a4-0ab9e9949a19,emancipation.pro,premium,,,56,40,12,,,
3af5530a-b531-41ea-9f46-35287eafbb3d,reassert.pro,premium,,,56,72,8,,,
f3221cfb-f6e6-4c75-abb7-8f4987ba654d,thoughtpattern.pro,premium,,,56,80,15,,,
5b03d8cf-d72a-43f7-aa30-91484edeca8b,sandpapering.pro,premium,,,54,72,12,,,
6091b88a-2a60-4c3a-9132-16b78cd202b4,communityownership.pro,premium,,,64,72,19,,,
1b308514-a998-48a4-8d5b-c9d18542953a,hipdip.pro,premium,,,60,72,7,,,
027afb42-39d2-4f83-bfb1-d3bdd4ecce3d,magnesiumhydroxide.pro,premium,,,54,12,19,,,
f72e5a0d-d777-4a5f-a910-64e485b323aa,motorcycleboot.pro,premium,,,38,72,15,,,
36a4d9c5-44bc-4312-b787-e8d50a01a4d6,dogandponyshow.pro,premium,,,54,76,17,,,
36fd183d-2670-43fe-9a1d-2d174fa67d9f,sneezeguard.pro,premium,,,54,76,11,,,
50e7367f-f8e1-4a32-830c-5c615c271e3d,CooperIsland.pro,premium,,,48,72,13,,,
afbcdb66-00fa-41cb-b853-54ca46e098ca,Stellingen.pro,premium,,,48,72,10,,,
03e8508b-8299-4a15-af66-56c1be411931,befriend.pro,premium,,,70,76,8,,,
2723e53a-1251-49ee-baf5-fc910da4424e,beltfish.pro,premium,,,54,72,8,,,
afe77bcc-2453-43f1-af91-e7290926f39e,involtino.pro,premium,,,52,4,9,,,
da3905ea-bb21-4fcd-b3c9-fcd18f47d221,truism.pro,premium,,,62,88,6,,,
f79cd556-ccc7-4755-94b5-fc7968efa1f6,invariably.pro,premium,,,62,2,10,,,
c66a8083-50ca-4d93-ac3b-4b5cf671601f,allthat.pro,premium,,,82,80,8,,,
7f75a55a-48a6-4663-b136-08cee559ec86,ethmoidbone.pro,premium,,,54,72,12,,,
6105890a-888e-48f9-a87e-9ef4a652afed,Reunionese.pro,premium,,,74,72,10,,,
16d44e31-2f01-4aa9-8f95-26372d3e1afc,GreenGrove.pro,premium,,,48,80,11,,,
9a74bc85-2834-4a09-bdca-acd8899a9d56,tellapart.pro,premium,,,,72,10,,,
188f9ca4-ef20-4ffd-8737-9a1327a581d1,frugal.pro,resell,,,62,84,6,"Sav.com, LLC - 37",09/03/2025 15:15,09/03/2026 15:15
43cbf3a1-0b81-445c-8901-0b0c05596250,victor.pro,premium,,,68,25,6,,,
a638ca50-a321-4994-b54e-c3725bce2962,doublebreasted.pro,premium,,,56,76,15,,,
adf58e2d-c5e0-46f0-b4d8-62aa89783a52,rockerswitch.pro,premium,,,,12,13,,,
801e572c-46e2-4f65-903e-d1fac3dc8553,harmonisations.pro,premium,,,48,4,14,,,
e8762e0d-580f-4683-96ca-a410c1e1fdb6,capitalsurplus.pro,premium,,,56,72,15,,,
828804dd-e141-478b-9190-450ab6fc662b,inventiveness.pro,premium,,,66,28,13,,,
9519d215-2ac9-44d2-95c1-962b4efa3c24,corymbose.pro,premium,,,52,72,9,,,
3e415197-2078-47e2-ac91-08333bed2bfb,searcher.pro,resell,,,66,72,8,"Sav.com, LLC - 6",28/08/2024 17:00,28/08/2025 17:00
13e0d747-aa84-42fa-abc0-45c27c871b0a,signintolaw.pro,premium,,,,72,13,,,
31f45e14-3760-49b5-889a-edb3e91faa05,curios.pro,premium,,,54,60,6,,,
3aa0b511-ba13-42aa-937b-d70727cf7acb,seeyoulater.pro,premium,,,,12,13,,,
b7aad2cd-adc8-4c0a-99d9-3c9507869532,HLGHDR.pro,premium,,,38,8,7,,,
c34e7d11-bc67-4e12-8a30-5c92583681f4,BigSioux.pro,premium,,,50,72,9,,,
a171d894-2a50-4266-bf18-4a4b0d187146,inquisitively.pro,premium,,,58,72,13,,,
542f3b88-897f-44fa-a654-dc751ddfcc69,bullheadrail.pro,premium,,,54,72,13,,,
b5f4d5d9-1711-41e1-a243-fa00f0f8da6d,Leanne.pro,premium,,,60,80,6,,,
1ec2a542-7e59-4a9f-bebe-24bd5515b846,vocalcords.pro,premium,,,,9,11,,,
8b99c835-1641-4135-8e4b-309e1418cc2d,encrypter.pro,premium,,,62,72,9,,,
ed36bf72-f373-48a4-9180-f526414290b1,johnxxiii.pro,premium,,,58,72,10,,,
0d2a0033-8253-4605-93cf-99a3fc827e80,frenchify.pro,premium,,,58,80,9,,,
7c99800d-8e5a-4e2b-a067-e64995a0b43c,airterminals.pro,premium,,,40,8,13,,,
65f83e10-94c7-4655-9493-d9bfdc1361a2,montblanc.pro,premium,,,62,88,10,,,
885cc41f-d56f-4b31-ba30-7c4849a964c8,cherubimic.pro,premium,,,58,72,10,,,
b0212d85-1bcb-44e1-80f3-1b3e71b05510,collation.pro,premium,,,74,76,9,,,
d7ca06d5-637e-4240-a611-773fabc358c1,aircraftstation.pro,premium,,,60,72,16,,,
3ebc5cbc-f805-4f48-8d78-0524f34864af,arduously.pro,premium,,,44,72,9,,,
d496fdfa-40e1-4e11-87ab-bd7e2cbfce0f,singingvoice.pro,premium,,,64,72,13,,,
a04536db-375c-443b-96b1-d2fa0209c083,duplicateScrabble.pro,premium,,,62,4,18,,,
6890d013-16e7-4873-a9e0-05f35ac3c285,raphepallidus.pro,premium,,,,4,14,,,
8f8facc1-5f4f-4502-89bf-e0765c2f434f,breakoutcharacters.pro,premium,,,40,4,19,,,
8d8f2c13-d3d6-408d-a516-6cff8343bb09,metaphorically.pro,premium,,,48,76,14,,,
6bf9d688-7bdf-4391-b8be-63f748fc5558,wholistic.pro,premium,,,52,80,9,,,
a95791da-df4a-4ed5-a981-06c6e080cd15,jingly.pro,premium,,,58,76,6,,,
717a5c68-e695-4c57-85a9-756158b2a55c,friendlessness.pro,premium,,,52,8,14,,,
0d8baf20-ef65-47b7-9f94-3d2fc6ee9a02,Tenasserim.pro,premium,,,48,72,10,,,
fe9ec8b1-0589-42df-a99f-5cd7b937761f,medicinal.pro,premium,,,82,76,9,,,
acf6192f-acd9-4b3b-905c-f4c22d983caa,whitecabbage.pro,premium,,,,72,13,,,
dc7fd8dd-ef5b-4b8e-97af-2b13c4589453,brimming.pro,premium,,,56,76,8,,,
399ebb5d-4c28-48bc-b24e-26b4da793043,GreatLake.pro,premium,,,42,36,10,,,
acec0bc8-584b-4e36-8708-4918b8abb837,tilltime.pro,premium,,,,12,9,,,
2bce5d0f-3d4f-46a0-a153-4543a8ebc537,inborn.pro,premium,,,65,76,6,,,
8afeb252-e394-46ee-9de0-8346d0cbec68,passaround.pro,premium,,,,72,11,,,
4f36b6a0-4e3a-4269-af96-5eccb6bcc001,petsit.pro,premium,,,,88,6,,,
dd4316d5-375b-4898-bd07-c4ec67c0fe72,amaurotic.pro,premium,,,46,1,9,,,
8ce4e179-a89b-42de-a22f-a3ceabd1d633,auditive.pro,premium,,,60,4,8,,,
ca753f1d-9837-4107-a624-856c107f91d9,glassine.pro,premium,,,54,12,8,,,
d74241fa-47c2-48b9-80f3-1fda5f864692,stpaul.pro,premium,,,64,84,8,,,
0ef19913-380a-44a7-b1c1-49da2d9a9c0e,UNPROFOR.pro,premium,,,54,68,8,,,
af5671c7-d3d4-4a1f-86cf-d3bcebf6d455,slotcanyon.pro,premium,,,60,72,11,,,
bb17aeb8-0403-43cc-b152-842e5ab94b53,onthereal.pro,premium,,,,72,11,,,
d38ede86-5fae-4597-80ac-5cac6a52d081,loungebag.pro,premium,,,42,72,10,,,
cc4e8dd9-1daa-4dbe-88be-bd06c203dfee,groundseltree.pro,premium,,,56,72,14,,,
dade866a-bd0c-4edc-ad7c-12a08339bbc3,grandturk.pro,premium,,,,76,10,,,
32d2614f-319f-43a5-a680-754c6cad1664,oslo.pro,resell,,,68,23,4,"Sav.com, LLC - 35",22/02/2026 15:16,22/02/2027 15:16
38bfa27d-a07c-49ef-97f4-1a91c0f5fd4d,exchangestudent.pro,premium,,,64,68,16,,,
49695eee-0144-411f-ad43-7d48fd10b4a3,stipends.pro,premium,,,,16,8,,,
cef15169-0570-40f8-ada9-dd68c2eb6ce2,farmmate.pro,premium,,,64,76,9,,,
0ff6a72c-33de-4714-8c11-fb0fa471ffa2,Naplesyellow.pro,premium,,,,72,13,,,
b3c65ccf-b457-4317-80c7-33cd44940ea7,wordmark.pro,premium,,,,80,9,,,
4125a3cb-cb25-4ef7-93b4-5cce2807aca7,Herculinian.pro,premium,,,36,4,11,,,
693bdd12-47fa-40f7-8892-ae76a94a8f9f,collaring.pro,premium,,,64,76,9,,,
e32439b2-9095-427a-8b22-a0d8f2c37bd9,gleams.pro,premium,,,42,36,6,,,
630c523e-d039-40d8-b6f9-10f99514a343,quencher.pro,resell,,,56,76,8,"NameCheap, Inc.",01/07/2024 03:37,01/07/2026 03:37
68ec6b0f-4a14-4f7a-954c-c49eecbc1a70,LoneRanger.pro,premium,,,66,4,11,,,
4981767b-1389-4b5d-ae40-a4608b13b9cc,elk.pro,premium,,,56,76,3,,,
a059f0b1-b530-4dfa-9a2f-1ac8f835aa93,imperfectrhyme.pro,premium,,,52,72,15,,,
f234e2bf-6bf4-4859-b51d-1aecbd3af5cb,correctness.pro,premium,,,64,72,11,,,
0fa628fd-2f37-4de7-92d3-582a95f593c3,Ihaveadisability.pro,premium,,,54,1,19,,,
e37ef588-eb62-46f3-bef8-e292c4be2380,pythonlike.pro,premium,,,48,72,10,,,
296c2de4-cdf7-4f0f-8ce9-ac0db2888b79,trestle.pro,premium,,,56,80,7,,,
189ee57b-5f24-4306-a453-4effdabd9828,likelystory.pro,premium,,,60,80,12,,,
3f0c8563-5372-424b-8750-d334f6475305,midtempobass.pro,premium,,,54,72,13,,,
c285e8ee-24f2-4a18-88a5-59cdb3b18873,tetrachromatic.pro,premium,,,,76,14,,,
3706d289-fa57-4588-a054-515a2435d612,fruitfulness.pro,premium,,,66,72,12,,,
8474d1bc-453a-4616-b5c9-a720ba1f2ad9,proliferates.pro,premium,,,,4,12,,,
843022bc-5d8e-47bc-a5b0-d7fc118e1455,altarcross.pro,premium,,,36,72,11,,,
d3de214b-350c-4a01-bc87-106377d3d5f3,footloose.pro,premium,,,56,80,9,,,
f96a2372-f069-4d8e-ab54-5436c1d587e4,SteGenevieve.pro,premium,,,48,72,14,,,
575f9ac7-a28b-42a3-92f6-2d4b77723c8e,gunmetal.pro,premium,,,56,80,8,,,
3a79b430-7988-4e71-ab6b-e0a867b1a7f5,springhammer.pro,premium,,,58,72,13,,,
eb6153f0-548e-470a-8558-115f4a66262a,passsentence.pro,premium,,,,72,13,,,
a51ac64c-c8f5-4a33-be93-ac38f46d05a3,Wolves.pro,resell,,,60,80,6,One.com A/S,06/04/2024 17:00,06/04/2026 17:00
909f2186-965f-4218-81cf-04ba8455c1c4,allkindsof.pro,premium,,,56,80,12,,,
99a57420-ce48-47d7-ba9f-58e91e84aa02,rightsmack.pro,premium,,,,72,11,,,
3300c87b-5938-4d91-8c96-61a814d75325,bestower.pro,premium,,,58,76,8,,,
7acba739-145a-4eb6-af73-070fc519c300,splitpea.pro,premium,,,56,72,9,,,
bcc9d705-2676-430e-af1c-874a18dd4b85,coxlessfour.pro,premium,,,60,72,12,,,
3a446cb5-4989-4a3c-a07f-47f9a9e9218d,overabundant.pro,premium,,,50,72,12,,,
2cff3452-d22a-45c2-a5bc-5c5fe7924140,lager.pro,resell,,,88,11,5,"Sav.com, LLC - 43",23/10/2025 15:15,23/10/2026 15:15
fe395ebd-bd41-4451-a9a4-11622c1556c8,fingerpiano.pro,premium,,,62,72,12,,,
549e2c24-ddc0-462b-a58f-4ab84f3a384b,easymark.pro,premium,,,64,3,9,,,
2a7f0813-183f-4ca5-a577-6de9490dfb7a,taxonomise.pro,premium,,,56,72,10,,,
f823045e-e8af-4835-8b8f-1c4b0d22c643,babydaddy.pro,premium,,,54,84,10,,,
b945b76c-fa5f-40fd-9324-c246c286404d,habitat.pro,premium,,,74,22,7,,,
1c535abb-617d-4055-bc22-d475985a10b9,expirationdate.pro,premium,,,58,80,15,,,
d3af0970-577b-4788-b424-270ba344bf67,chiclegum.pro,premium,,,42,8,10,,,
da2cd27d-cfe2-454e-91ee-45ec4c559338,clam.pro,resell,,,70,10,4,Unstoppable Domains Inc,21/07/2024 17:00,21/07/2027 17:00
fc261235-7fa5-4b77-8aec-22b1e8f796c3,acidulous.pro,premium,,,44,1,9,,,
c86d238d-9f09-47eb-b2e2-bc38a01cc2e4,Pushpa.pro,premium,,,52,84,6,,,
98ab521c-4279-4dd2-837e-ec7a7f25977a,silledar.pro,premium,,,54,72,8,,,
791aa9e7-9498-4b87-b85c-fdb8ad8eb0ee,roll.pro,resell,,,67,26,4,"Sav.com, LLC - 15",03/02/2024 15:15,03/02/2027 15:15
fd888c12-5fa2-4796-90cd-8fed5916286b,fallinginlove.pro,premium,,,56,72,15,,,
f067794e-8898-4e00-8d7b-18455ee94219,ricewater.pro,premium,,,,76,10,,,
e57b0b4b-0a4e-478a-a2d0-37e95607c29f,Whifflet.pro,premium,,,50,72,8,,,
b6d725a9-e65d-4a05-89cd-18a0db2d8e09,mondrian.pro,premium,,,66,96,8,,,
0af36ea2-10c9-4b50-a775-3cb8d19660ab,excluding.pro,premium,,,42,68,9,,,
59c0e3c2-e61c-4ea8-b631-3e0fbb8126be,treadmill.pro,resell,,,86,80,9,Epik LLC,10/04/2023 17:02,10/04/2026 17:02
39868b56-b400-4c6b-9055-e46fecfbb893,ativan.pro,premium,,,56,72,6,,,
ab93ffaf-839e-4fc1-b90b-1c5043469db7,blessedly.pro,premium,,,59,76,9,,,
5025001a-60b8-4f27-8872-6c3b3eaffb65,acarpous.pro,premium,,,46,1,8,,,
191b73f6-50d4-43f2-b078-11be40454127,happyasLarry.pro,premium,,,48,80,14,,,
a2209f50-2e36-4540-8e5e-a6fd99b1d2b5,coveredbond.pro,premium,,,40,20,12,,,
1b102d84-beaf-4832-b810-625b840b9554,extrasensory.pro,premium,,,,80,12,,,
1d9bd287-7f5c-430c-b177-7036dd843c34,windowblind.pro,premium,,,,1,12,,,
14dff11e-bc7e-4dc0-83df-c70642904644,suspense.pro,premium,,,88,6,8,,,
e18e4d10-8143-4b5a-897b-b14c8167c023,bringround.pro,premium,,,64,72,11,,,
5810351f-f165-4c24-9730-1e278ea81f78,equaint.pro,premium,,,40,16,8,,,
1f871427-47d6-4a48-9e6a-b83049a79a41,catstick.pro,premium,,,58,72,9,,,
71e4b553-7b2e-4372-bfa5-ebf17af903a3,kill.pro,resell,,,62,20,4,"Sav.com, LLC - 8",13/06/2025 15:15,13/06/2026 15:15
7d271ced-f8ce-46ba-9f17-69e3bac13988,miniaturize.pro,premium,,,60,76,11,,,
4c884940-c177-416d-b0e4-b5c2d8c76ec6,feetfirst.pro,premium,,,,80,10,,,
e66312b1-62c2-4a95-afeb-ebf9fda63cc2,buspowered.pro,premium,,,36,4,11,,,
d568928f-e2fd-4e1b-a3f8-42c716a71322,entrant.pro,premium,,,66,72,7,,,
68c6baed-2dc0-4e3f-8367-85c150bd2c25,prospering.pro,premium,,,54,80,10,,,
11709876-b0ad-4c9d-bd3f-53751a60ecde,tending.pro,premium,,,70,72,7,,,
bb212c3a-8fcd-40b8-acb7-46e1e60d9527,Zeitgeists.pro,premium,,,,20,10,,,
b7b6f7c8-4f50-4f50-9744-534f0b02f1ce,gadget.pro,resell,,,74,96,6,Porkbun LLC,24/09/2007 00:00,24/09/2025 00:00
d163c5dc-27d9-4615-914f-ab3d0a9d06f6,gettofirstbase.pro,premium,,,71,1,17,,,
b6d6cb80-c170-4daf-9e3e-ab336c2e020d,labourer.pro,premium,,,60,72,8,,,
a572b7e0-1b61-4e94-b5d8-32b7c080e8f7,geekery.pro,premium,,,66,36,7,,,
022a1b3b-ab5c-41aa-ac1c-aa28e42e012f,ohenry.pro,premium,,,62,72,8,,,
a7b9f03c-eca9-4818-acff-f57005b5d9d8,innkeeper.pro,premium,,,54,80,9,,,
c2e3e534-b422-4988-9abd-84cad5c18a0d,MSN.pro,premium,,,52,100,3,,,
94786a37-f415-413e-9410-ad3aba1a37c8,tackabout.pro,premium,,,,1,10,,,
0812cf92-c1cb-4d67-afb3-ab7dd828b488,RDH.pro,premium,,,60,88,3,,,
2d3b2be0-2ffa-4752-9c47-cc03e749745f,mph.pro,premium,,,66,88,3,,,
23b1cc57-e39d-4e27-8a74-62b5120a8449,motorracing.pro,premium,,,70,4,12,,,
e9e57307-7d08-4259-b5fc-bb0ac2df3b5b,barleycorn.pro,premium,,,56,80,10,,,
57e4f9ba-62b3-4c03-8a28-f3ef21d5b045,demonstrated.pro,premium,,,64,3,12,,,
d3dddc82-fec7-49a9-9337-a30e246d0517,scenically.pro,premium,,,52,72,10,,,
2474aa09-7703-4c52-bdb8-e9dfd20cc852,EasternEuropean.pro,premium,,,72,12,16,,,
56673bdf-22ce-4108-b6b3-c01fe5867741,claudication.pro,premium,,,56,8,12,,,
023fc57e-9a53-4a7f-bb92-12c87d98ecfa,treading.pro,premium,,,60,72,8,,,
35b6b387-872c-4d4e-ad1f-7fcead0f3bbc,scummy.pro,premium,,,50,2,6,,,
e0cb17c6-a675-43d4-b031-e6b2da5cd2dd,organpipe.pro,premium,,,56,72,10,,,
acaa72a5-7c5e-479a-899c-9c1a8e5788e2,execrable.pro,premium,,,48,1,9,,,
aa5446b7-5165-4f7f-974f-1d3668ab5402,airy.pro,resell,,,70,9,4,Epik LLC,02/07/2022 17:00,02/07/2026 17:00
fbc227d8-64c8-42ee-ab5d-5d5ec2ca2ef5,Emsland.pro,premium,,,48,76,7,,,
1e54331d-e40a-45f8-a681-746afe693f91,Joe.pro,premium,,,74,100,3,,,
5f2221e6-afda-4141-859a-93ab048ec0a9,CountyofWyandot.pro,premium,,,46,0,17,,,
cc46f24e-65ab-4892-8471-52c63ba52070,endeavours.pro,premium,,,36,36,10,,,
158da34c-de52-494b-998f-5b98f71828a0,cleverness.pro,premium,,,68,72,10,,,
440c193d-0d0f-44e3-9934-7f3a8a9ae9b3,cacaobean.pro,premium,,,54,72,10,,,
5a15c647-d776-4c52-83ed-04eedb9e5a70,azollaceae.pro,premium,,,56,72,10,,,
39452914-2902-4bfb-896d-a55336980ef8,rafters.pro,premium,,,,32,7,,,
d550cd5e-07c8-42f4-a862-032d49526b5f,storeys.pro,premium,,,,24,7,,,
f8bfffd4-eb99-457a-8211-47adb46ef8ad,pension.pro,resell,,,86,80,7,"Sav.com, LLC - 42",17/01/2024 17:00,17/01/2026 17:00
7c42daa8-7f39-4e90-be89-572ac5b4acdb,acidbaseindicator.pro,premium,,,60,72,19,,,
4a81803f-c46c-4fb8-8d14-6673b31b751b,copyread.pro,premium,,,61,72,8,,,
0b2b9ba0-299b-4b9e-8095-b0454af9405a,finite.pro,resell,,,82,84,6,"Sav.com, LLC - 16",08/10/2024 17:00,08/10/2025 17:00
9d945f9f-34d5-4e90-8796-748bc928abbe,learns.pro,premium,,,60,8,6,,,
47497ba6-2682-42e8-8261-575562504eba,auspicious.pro,premium,,,72,9,10,,,
001c08ca-a719-4248-87a0-052452135473,scowling.pro,premium,,,44,1,8,,,
98ca9c36-5125-4a23-9d91-5d93b8643fac,prairieland.pro,premium,,,,80,11,,,
a0fa3b40-1201-474e-959e-d7b40a35ecf4,asafetida.pro,premium,,,56,72,9,,,
1d7af1bf-5848-489c-8f15-c7064e5702cd,justsostory.pro,premium,,,,72,13,,,
96bce217-11ca-444e-ad97-3a0508819e2c,squarescooter.pro,premium,,,54,72,14,,,
14ab1c1f-a143-4b17-acb7-ba9a577cede8,checkstub.pro,premium,,,56,72,10,,,
9f47e7e4-7f9d-41d4-a18a-fd6537503921,babish.pro,premium,,,72,76,6,,,
2a703b7a-1dbc-4690-b039-82d044d4c2b9,pizzastore.pro,premium,,,64,72,11,,,
a9ca6ef5-cac2-4627-9a0d-196fdd83f119,rooflike.pro,premium,,,56,76,8,,,
7486650c-79cc-4489-a725-0dcf15a96b74,selfbelief.pro,premium,,,,72,11,,,
1442c25f-c392-4dd3-b9c1-11f364940a5a,KingstonuponHull.pro,premium,,,46,72,18,,,
0b4e5d6e-437d-4baa-9980-faddba1c4993,brownbaggers.pro,premium,,,38,8,12,,,
40c63255-0c9f-4720-a32f-cfdb45d39d18,letin.pro,premium,,,60,84,6,,,
2abdde17-a487-420e-82a4-de47f6ecd8e8,storesugar.pro,premium,,,,72,11,,,
23038134-6467-4be8-bdf6-94d330cb1902,galacticyear.pro,premium,,,56,72,13,,,
bdbade6d-4811-4f94-bc00-55401f194f5d,trusts.pro,premium,,,,36,6,,,
ae12226b-1d52-4020-9796-a50bd1a61bb8,Irishly.pro,premium,,,56,72,7,,,
3c66a78b-f35b-4d17-aae9-a09e2140ae7a,cyclist.pro,resell,,,62,76,7,"GoDaddy.com, LLC",25/09/2008 00:00,25/09/2026 00:00
89b3c0b1-2321-46cf-a7ce-7392f0cb3878,tongueincheek.pro,premium,,,72,76,15,,,
2962dd11-69a5-40ec-b947-ce79ec8334ad,girlwonder.pro,premium,,,62,76,11,,,
ac0856c1-31a2-469b-a351-fb54dc4ea6c0,graymullet.pro,premium,,,56,72,11,,,
603c058c-6714-4bcc-9072-1c8944d5cbcb,Ellisor.pro,premium,,,50,76,7,,,
38905af3-4843-4224-8835-577e1702416f,provaccine.pro,premium,,,,20,11,,,
579d3ae0-bf47-4320-9f34-d58261a2c463,SQL.pro,premium,,,,92,3,,,
ab56eeff-e272-4d01-a547-01bbf6eae78c,metoprolol.pro,premium,,,58,72,10,,,
1eca0821-77fe-44c7-b103-6e3faac425e3,launchgame.pro,premium,,,58,72,11,,,
b4f3b750-19bb-4825-bd0b-91de36dab8c4,gamesmanship.pro,premium,,,60,76,12,,,
daf6dd62-4b22-410f-9d02-2c75701a4566,equestrianism.pro,premium,,,58,4,13,,,
5812eb6a-977e-4178-9a5e-7444601e9d94,bitethebiscuit.pro,premium,,,56,72,16,,,
67bd29e1-f257-45fe-985e-2840743f3ddd,anchor.pro,resell,,,62,88,6,Registrar of Domain Names REG.RU LLC,02/11/2016 10:19,02/11/2026 10:19
28db44e4-b09f-463f-9966-f8b076bb0d85,indicts.pro,premium,,,42,8,7,,,
052e115c-781c-42fd-b49d-021b7a0149af,piedcrow.pro,premium,,,56,72,9,,,
49ab091d-46b2-42e0-bec2-a997f4f61ab5,doses.pro,premium,,,44,40,5,,,
b4a12214-6399-43d8-b7c6-250a0c3cdf47,turningboard.pro,premium,,,,4,13,,,
e7cd2479-8ed1-450a-8d3e-15abd67c3407,Elland.pro,premium,,,48,76,6,,,
eee0879c-de65-44a0-8030-bca9d5fd8d96,waved.pro,premium,,,64,72,5,,,
396af897-096b-4406-b82d-1863437faee0,television.pro,resell,,,104,20,10,Dynadot Inc,02/03/2005 00:00,02/03/2027 00:00
f207893c-d5f9-49e8-8cd5-bea9cc03837f,zoneofaction.pro,premium,,,,72,14,,,
2cb7563f-73ac-4cdf-a5f0-312e9bde3fc6,Carolineminuscule.pro,premium,,,36,72,18,,,
226172a6-ebe6-4f30-be75-8b95402dc84a,conversion.pro,resell,,,54,84,10,Registrar of Domain Names REG.RU LLC,23/11/2009 17:03,23/11/2026 00:00
fcdee98d-4531-440e-a66a-34473a551586,insectivore.pro,premium,,,56,76,11,,,
610921cc-20ca-4363-a75c-b7289aef232c,hazardlight.pro,premium,,,54,72,12,,,
9201c583-2ce6-499b-8f29-8d86ab103d19,unrolling.pro,premium,,,56,72,9,,,
77036f05-9bc7-4a0c-bcad-060c9bd7708b,wisps.pro,premium,,,,32,5,,,
a4b76e39-c925-4d2c-a77a-9e29cb9fd3af,manyan.pro,premium,,,48,72,7,,,
044b73e4-e9cb-4c69-8a53-35fe9e6df157,goldpan.pro,premium,,,40,76,8,,,
fd5dff3b-e5b1-4832-92f4-12b6400cec17,getover.pro,premium,,,75,4,8,,,
24eec61b-88a9-41f0-94ca-a5da5bf99ac6,drytool.pro,premium,,,60,72,8,,,
ac601455-0b56-448d-87fe-f54bb12e2403,NewDublin.pro,premium,,,,72,10,,,
ec748892-9a5e-4968-9277-32608805e0f3,creditworthiness.pro,premium,,,70,72,16,,,
301bc66d-dce1-499c-abd3-b920ab6de8d6,absorption.pro,premium,,,60,76,10,,,
f1ad9922-9dc7-4e6d-bcea-ee7693c49cfa,ruleout.pro,premium,,,56,72,8,,,
e9bc50c8-528b-4ee3-831e-becb07338ecf,deglaze.pro,premium,,,63,84,7,,,
a0e1e3c2-72a4-4703-9021-965714872d85,orde.pro,premium,,,56,76,4,,,
3251fa93-e145-4fd4-b9e9-b551aaca4661,intheear.pro,premium,,,62,2,10,,,
771f005f-ce19-4b7f-bf0e-dc20d9759d6f,nosetonose.pro,premium,,,54,72,12,,,
8bb7871a-6dd3-4d9e-b372-301746de00c0,appealable.pro,premium,,,46,1,10,,,
a1f90be2-52af-4176-807e-5b3a18b5642f,offduty.pro,premium,,,,88,8,,,
7f2d1a95-7e21-4e69-b423-8bee1f1bd16f,romanechite.pro,premium,,,54,72,11,,,
3b29b7cd-419e-4cd9-b82c-ba43f6dcc9b9,hardcheese.pro,available,4.99,33.99,78,72,11,name.com,,
0a66b338-eab8-410a-bdf9-97b71e9a516c,tarantino.pro,premium,,,66,84,9,,,
5922ca5c-a2e2-400c-98e5-f7fd88b3f671,Bangkoker.pro,premium,,,56,72,9,,,
edeabcd3-5ac7-4afb-9360-cc14757d13d6,webceleb.pro,premium,,,62,72,9,,,
2abfe5f0-b3bb-4189-a1b1-7762552e0492,ordinaryshare.pro,premium,,,54,72,14,,,
5950c87e-f3cb-4dbb-8462-bc4456277f5b,rail.pro,resell,,,92,29,4,Dynadot Inc,06/12/2020 14:30,06/12/2026 14:30
69248801-2c33-4de0-a7cc-76dc4816e3ad,LargeBlack.pro,premium,,,44,72,11,,,
0aba0b24-9b62-47e6-9cbd-800a63746025,moralize.pro,premium,,,62,72,8,,,
3de68fe3-8d42-4445-8426-c99f050d0b62,trafficbump.pro,premium,,,60,72,12,,,
6a6671d7-6563-41c7-834c-b85496e329cb,databasepublishing.pro,premium,,,64,12,19,,,
9d55376b-b261-492d-b623-d9592e55f53a,cottonseedoil.pro,premium,,,64,72,14,,,
b6cadfcc-3da3-403d-9238-df5214a0e167,Tristian.pro,premium,,,62,72,8,,,
b5ecfecb-89c3-4b4d-9dd8-6d9427272bae,incorruptibly.pro,premium,,,54,72,13,,,
c6f76bd2-b7ec-4488-b606-6e315ba925f2,birthings.pro,premium,,,36,8,9,,,
ea81899b-57ae-4a73-9f0c-34048d5eca4b,linenbasket.pro,premium,,,56,72,12,,,
a691031d-f3e6-4572-a843-34120d99c77f,penaltyshootout.pro,premium,,,66,68,16,,,
1fbff0bc-7205-4fa9-97ce-a0481142d3a9,rearlight.pro,premium,,,56,72,10,,,
bd8bf8d3-6275-482d-961b-17dc68a32d43,divineretribution.pro,premium,,,48,72,18,,,
85dec7c7-2bdc-4a59-9f17-83c13066dc9a,citycourt.pro,premium,,,36,20,10,,,
d4a19b6a-43da-458c-8087-a8a8a52cae61,morally.pro,premium,,,58,76,7,,,
0a7c077e-cec2-415b-b1f0-307a0e67ac0e,axil.pro,premium,,,66,72,4,,,
084323c5-b7fd-41ca-8c9a-05d78a8759e9,MissionCity.pro,premium,,,44,72,12,,,
007720dd-e222-44c9-89d2-340d857f6c75,anarmandaleg.pro,premium,,,64,6,16,,,
989a72b9-0870-4ac6-be0e-49e5b7fabc1e,puckster.pro,premium,,,56,72,8,,,
4a2b23af-024d-4dc6-8b6c-876cf5e1986e,hottoddy.pro,premium,,,70,76,9,,,
f925351c-b8c3-4fc3-8221-216447ca8c67,epistolary.pro,premium,,,72,80,10,,,
3dcf4f2a-55b4-4064-ba3e-d830e1c210d9,statepolice.pro,premium,,,,76,12,,,
aedacd14-6999-4890-8a5f-9554fa3fc788,UKgarage.pro,premium,,,,16,9,,,
89c28697-9778-4c8d-a074-3132cb0aa9ab,bottomdwelling.pro,premium,,,46,76,15,,,
43eb9f53-5cd5-4266-8eb8-dc1fb4162dc7,rimy.pro,premium,,,53,76,4,,,
299cb021-0d50-4678-8901-b0abb8977f49,coinsure.pro,premium,,,56,84,8,,,
13a32c9c-2208-465b-b8b7-d559438f863e,byfitsandstarts.pro,premium,,,38,72,18,,,
d5fe26a6-9518-4912-8f79-d6d500252f3c,tomboys.pro,premium,,,,28,7,,,
d3de83c4-96c4-433e-a342-0bc17f99e16e,scrapers.pro,premium,,,,32,8,,,
79308448-f853-4f39-aab0-dca5900a27b9,threefires.pro,premium,,,,76,11,,,
4a8a717f-0129-4478-8afe-cba78e503a10,closedmindedly.pro,premium,,,44,72,15,,,
5c4d6408-a445-400b-85f9-93a2bd53ccdc,absolutethermometer.pro,premium,,,36,72,20,,,
6af70ed0-09eb-4313-b93c-934cbff0d0c3,scenequeen.pro,premium,,,66,72,11,,,
f0312fdf-4466-4041-8f5f-87f0313535eb,acerbic.pro,premium,,,50,3,7,,,
2490d65c-dff3-48c7-b313-8ba16303c5f2,PortVictoria.pro,premium,,,,76,13,,,
68a67a96-1e21-4c63-8759-e08a7b14592b,bigmood.pro,premium,,,86,80,8,,,
6505c4d6-8e78-4e05-998a-0ffe200e1f62,landowners.pro,premium,,,38,24,10,,,
b781efa4-2c5c-41cc-987a-46efc8608ef4,wordformation.pro,premium,,,,72,14,,,
5bfc2f4c-2900-4e6d-91ea-d73666e69d95,antiquarian.pro,premium,,,68,76,11,,,
8f251bdb-2c63-45a6-b1fc-a6b05f4cb8f1,manmonth.pro,premium,,,52,72,9,,,
1b705998-8f5a-433e-93d3-034c952bef2e,Saxonyyarn.pro,premium,,,,72,11,,,
62c4d2a4-951f-4b91-8318-f021e0ce8aec,mustsee.pro,premium,,,78,84,8,,,
8313e3c9-91b7-40cb-b93e-b736756753da,cityandcounty.pro,premium,,,54,72,15,,,
ea9e5c4c-5f75-442e-b22a-032bf4d97899,day.pro,premium,,,82,35,3,,,
41396c72-5356-4953-a042-7d4b2de2ac01,relishes.pro,premium,,,,8,8,,,
13e1a3ae-a500-45dc-a12a-77f404e23df2,babypotato.pro,premium,,,42,72,11,,,
b25636c6-188c-4f76-9e3c-35e565364c88,suckingreflex.pro,premium,,,,4,14,,,
a19d50e5-af5a-4c2e-8fd4-ce7c655cd0ed,bilobed.pro,premium,,,62,72,7,,,
3c26669d-08d2-4c7f-b7c8-9e9c9ad76fd4,astounded.pro,premium,,,68,2,9,,,
c5bb7b24-f0f5-4cc2-affa-dc7530d9e941,artisticness.pro,premium,,,52,8,12,,,
e9889af1-1643-4bbd-b064-ede460e0c902,getto.pro,premium,,,76,7,6,,,
55346f42-f6ae-43de-9147-e9cc99cca8e7,stronginteraction.pro,premium,,,54,80,18,,,
1071884e-4669-4884-a191-837108ba3bd0,techhead.pro,premium,,,,84,9,,,
8a587f48-5c12-4b61-ad2e-d0f36c8c1cd0,bottomfeeders.pro,premium,,,32,16,14,,,
ab871cdb-05c8-4a85-8fe2-1b11a72c610e,golden.pro,resell,,,88,88,6,"Spaceship, Inc.",03/04/2015 02:52,03/04/2026 02:52
7cffe039-4e7a-43a0-8f68-656235155dc9,Rubikcube.pro,premium,,,64,72,10,,,
8d72fc37-b9a9-45c0-a5d2-88004a08353d,soninlaw.pro,premium,,,54,72,10,,,
d6e3d676-ee38-4dd1-83ba-a657abb65b1e,celestialpole.pro,premium,,,60,72,14,,,
d611b42a-9a19-4392-84ce-c3a5b9eb4c01,whenitcomesto.pro,premium,,,38,72,16,,,
f0faaf2b-5503-497d-b2a5-ccceb6e5a4d0,lullabye.pro,premium,,,62,76,8,,,
7969d140-3a7b-46d8-97f6-d7b6c03871d4,indubitably.pro,premium,,,44,80,11,,,
8955d251-9f01-4d46-b82e-c24ae768998d,labium.pro,premium,,,54,72,6,,,
433ad696-9840-4790-b306-335f1eef6ec2,lightheeled.pro,premium,,,52,72,12,,,
a72f9888-30d1-4d68-bc30-a451c077873a,martyr.pro,premium,,,78,80,6,,,
81afd27c-8142-4235-aae8-1283ea7fcd34,LebaneseRepublic.pro,premium,,,52,68,17,,,
67096775-598d-4e39-99c2-1c5882b654dc,truetoseed.pro,premium,,,,72,12,,,
54a38205-42d7-4ae0-8e18-1c813465dc18,prevue.pro,premium,,,66,84,6,,,
f4a1b689-7652-4ac5-95ca-d5bd8567aa9f,faithcure.pro,premium,,,58,72,10,,,
55390461-4f46-44ee-9999-f19e87336079,dressmaking.pro,premium,,,60,32,11,,,
99f75f59-4f1d-4625-8e0f-2fe223454fd5,commonmallow.pro,premium,,,58,4,13,,,
6f59f959-9bc0-47bb-86cc-ce5e746cab41,redribbon.pro,premium,,,70,80,10,,,
b0849796-6ac9-472e-8002-2a7701f10b4a,blowdryer.pro,premium,,,54,76,10,,,
60a42634-a14a-47db-8574-0eaafbdf4e21,selfraising.pro,premium,,,,8,12,,,
62d55a16-690e-45ce-8d11-d761a7c82e30,dynamicscale.pro,premium,,,56,72,13,,,
57b7d4c4-2df5-4b9f-a1de-b09902648f2b,seiwhales.pro,premium,,,,12,10,,,
62714bf2-4d37-4605-84b4-818ede075b26,midblock.pro,premium,,,50,12,8,,,
0401704a-8339-4633-a469-64fec54a3c26,overwhelming.pro,premium,,,80,72,12,,,
f023ebdb-c314-45a2-873b-5ae760bba423,syllepsis.pro,premium,,,52,76,9,,,
9ab04b26-914b-4bf2-b2ae-3719d29ecf98,fallingtogether.pro,premium,,,60,72,16,,,
9ee14820-2346-4128-90d5-9f4186e79a79,nextto.pro,premium,,,50,80,7,,,
7311cc89-1ad0-4e79-a5f6-ed5bdc7ea56f,mouldbreaking.pro,premium,,,,1,14,,,
5fc0f9a5-03ac-4d38-8ba8-1a001c81686e,UKdrill.pro,premium,,,,72,8,,,
59624abf-bdbf-4c2a-91eb-c4e4aabe730f,IslesofScilly.pro,premium,,,56,1,15,,,
b6a4e13c-cfb5-4b6e-97b2-129fcaa934fc,goldbook.pro,premium,,,40,68,9,,,
b63aef5c-2f9f-425c-821d-df3800d0212d,DJI.pro,premium,,,72,21,3,,,
7898fdee-bad4-49a2-b125-7f1f31ee6879,allover.pro,resell,,,58,9,8,Alibaba Cloud Computing Ltd. d/b/a HiChina (www.net.cn),27/09/2024 06:01,27/09/2025 06:01
38d6c81f-5db8-4e40-870b-86beccb97af5,placidness.pro,premium,,,60,72,10,,,
fbb94b36-7633-4f3c-b58c-5c96d6a4399d,trivet.pro,premium,,,64,80,6,,,
62dbcef4-8052-4449-9eda-de24c6de9b81,nonthreatening.pro,premium,,,48,72,14,,,
2498ee11-58be-4858-bd6a-6f9544322a1e,MertonPark.pro,premium,,,50,4,11,,,
b46f288f-3419-4c39-9d74-3955927cc1ab,compositesketch.pro,premium,,,60,72,16,,,
1c117526-daae-4478-9c8e-7b6afa9084cf,shading.pro,premium,,,58,84,7,,,
1a8f75fc-ba98-4756-9796-6c7318a92b4d,ironscale.pro,premium,,,58,72,10,,,
f3a3e2f3-6ccd-4ab9-bd6b-b69935d6ca56,Scandinavians.pro,premium,,,,16,13,,,
4d5fcffb-ceb1-4490-bf6b-b4eb0cfb06f3,giveitupfor.pro,premium,,,50,12,14,,,
076c3a27-342c-42b6-be7d-8e7c474140fd,drivedown.pro,premium,,,56,80,10,,,
edf795d8-f274-4e89-8c39-5de59d647b92,peasepottage.pro,premium,,,,12,13,,,
539b9038-1eca-4717-97da-98c90d99a777,infrequently.pro,premium,,,50,72,12,,,
a24ea747-0db3-47cb-bd96-840f4fac56e1,paralanguage.pro,premium,,,,72,12,,,
425cd56f-ec1d-41dd-bb74-773176606d52,unspoken.pro,premium,,,58,72,8,,,
16f1c8a0-32a9-45a6-b36d-a79d3356581f,curtainring.pro,premium,,,58,72,12,,,
05ee6078-7bd1-4883-96db-1fe917cd3c34,abbot.pro,available,4.99,33.99,50,80,5,name.com,,
f54c8299-337f-4a59-8707-dace673ac009,firstlieutenant.pro,premium,,,60,72,16,,,
c48cd6e8-c8d7-430c-9e42-2b0b196f0e8d,lvii.pro,premium,,,56,2,4,,,
834e3519-d68d-44f7-bd9f-0999b7ebe06f,RoaringTwenties.pro,premium,,,64,76,16,,,
c140ff3c-eeab-4725-af83-dc1a19b00255,eauforte.pro,premium,,,54,76,9,,,
b01c4c5a-8bf5-438d-82d2-3a654234fbd2,grabthepopcorn.pro,premium,,,68,72,16,,,
9a5cb332-0ea5-4bc1-989c-a0f5b046f571,Aubriella.pro,premium,,,50,72,9,,,
1946b669-54dd-4524-9bdd-acd60185dc12,smallie.pro,premium,,,58,72,7,,,
af779098-d8fe-4910-98ac-981ff8046c12,accouples.pro,premium,,,34,4,9,,,
8f8e8d3c-1c50-4bc6-a456-7a398b775429,managedhealthcare.pro,premium,,,62,8,19,,,
912a02a0-79e9-4389-89f9-dcc6936d5616,bolivian.pro,premium,,,74,72,8,,,
d04e3f90-b832-413b-9e0a-2436966bbbb3,gasgrips.pro,premium,,,40,8,9,,,
a404a404-ae67-464b-84d9-ab40746cca52,jism.pro,premium,,,56,24,4,,,
fcc53a77-6c0a-4703-9c2a-82863c1701d0,vexation.pro,premium,,,42,3,8,,,
e4c03659-01b2-4ee5-999e-87fd1ff8043c,ChangingWoman.pro,premium,,,44,72,14,,,
0d9c2756-805b-468c-95b5-34731ed0ac14,breakfastinbed.pro,premium,,,96,72,16,,,
6aa40c6d-c4ac-41b4-af92-b1691909e60a,qualm.pro,premium,,,80,84,5,,,
da9b8afd-d6df-4158-bc98-8d0ef1c0801a,taketheknee.pro,premium,,,,2,13,,,
09ac5386-c90f-4053-b07a-3091552edf1a,nonreligious.pro,premium,,,,4,12,,,
dfe8d4f7-29ef-4a61-b6c9-d12872b163e7,hyping.pro,premium,,,46,20,6,,,
be749c2f-f996-431f-b32f-6f185c77f304,twominutewarning.pro,premium,,,62,76,18,,,
06bd92b4-e26a-4be9-b2c0-d6b09ad0ce11,distinctness.pro,premium,,,76,2,12,,,
8d3cbba0-097d-42a8-84c4-6b1e7ef509ff,Dutchleaf.pro,premium,,,58,72,10,,,
e8b85a40-8eac-4658-bb82-45655b7103ca,copatron.pro,premium,,,58,72,8,,,
bbd22b9c-2ab6-4c87-84cb-f613c11eb732,shredder.pro,resell,,,60,84,8,"GoDaddy.com, LLC",02/11/2008 00:00,02/11/2025 00:00
8ad89dde-af77-4d43-94a9-57769e041001,makegarden.pro,premium,,,72,72,11,,,
5bb259f8-3fd6-49a6-a531-bf91c4667234,greasebox.pro,premium,,,34,72,10,,,
f1723426-77ef-43b9-af1e-5ff219ae7c04,leaderboards.pro,premium,,,52,48,12,,,
c7b35d68-ede3-483e-bd5a-f4814d4f3820,goldochre.pro,premium,,,58,72,10,,,
fc8db2f2-b084-4d95-b6c5-6edaebb43dfd,reformulate.pro,premium,,,64,80,11,,,
65461064-d899-4304-8077-534feeaed57f,netneutrality.pro,premium,,,,84,14,,,
c4aa0120-32ed-47bd-bed2-ae3e4a4f0101,birthdayless.pro,premium,,,50,72,12,,,
3855bd1d-16d8-459f-babe-d39e54d2f57a,DragonLi.pro,premium,,,60,72,9,,,
a4d9fe68-0dd2-4746-abd8-b000fda78379,returncrease.pro,premium,,,60,72,13,,,
7dbea0d0-8faf-459a-8b9f-9b12d15f2800,Grannus.pro,premium,,,48,80,7,,,
78ecb524-7eaa-4fe8-965d-d34a46a413e9,jazzage.pro,premium,,,69,76,8,,,
759b2d16-4e09-4939-9dcc-1a42b548bee9,monitory.pro,premium,,,54,4,8,,,
ffbeb576-527a-42b3-a61a-19208b8a4e9f,chiclet.pro,premium,,,66,76,7,,,
577266f3-418f-4123-acff-38ed8f21290b,extroverts.pro,premium,,,52,20,10,,,
1d66e69b-206d-4afa-acd6-50f316f01f0b,interpolate.pro,premium,,,54,80,11,,,
0ee7cdb8-4e3b-4796-b44c-464242a64dbc,sharpest.pro,premium,,,,44,8,,,
fe1172b9-e950-4df4-8f9f-552d45480acc,droppedceiling.pro,premium,,,56,76,15,,,
31f6754e-5473-4e82-a5b7-69bddaf4581b,poppop.pro,premium,,,64,88,7,,,
cd8901d8-6666-47fc-9454-1a5cfef70e21,colourtv.pro,premium,,,40,72,9,,,
c86f5fc9-3c06-42f0-bb32-24900250c349,housedoor.pro,premium,,,58,72,10,,,
51c144f8-0b73-4f83-ace9-e5713385c0bf,shell.pro,resell,,,46,17,5,Registrar of Domain Names REG.RU LLC,14/02/2018 10:05,14/02/2027 10:05
e034a5e8-7cdf-4840-aaf7-fba970f9177f,onepot.pro,premium,,,,84,7,,,
04049eff-4c86-413c-a710-93b1405f23fa,hitupon.pro,premium,,,62,72,8,,,
3291ee0d-22f3-46e6-bf91-8f55a27efa6f,garbagetruck.pro,premium,,,54,72,13,,,